case_id,KRAS_VAF,Tumor cellularity,group
C3L-03394,0.017482517,9.523809524,G12C
C3N-03428,0.019332162,12.5,G12C
C3L-02112,0.024647887,10,G12C
C3N-01719,0.026186579,20,G12C
C3N-03670,0.028125,11.76470588,G12C
C3N-02998,0.030425963,12,G12C
C3N-03211,0.032154341,12.63157895,G13D
C3L-01052,0.032206119,22.5,G13D
C3N-00512,0.036912752,9,G13D
C3N-02295,0.038062284,23,G13D
C3N-01012,NA,7,Q61H
C3N-01502,0.041284404,4.854368932,Q61H
C3L-01053,0.041509434,34.54545455,Q61H
C3L-03632,0.041791045,15.5,Q61H
C3L-00401,0.045146727,40.06410256,Q61H
C3L-01054,0.045714286,54.54545455,Q61H
C3N-00517,0.046153846,35.5,G12D
C3N-03440,0.047085202,13,G12D
C3L-04495,0.047169811,13.66666667,G12D
C3N-04284,0.047826087,59.18367347,G12D
C3N-00957,0.057575758,16,G12D
C3L-03395,0.051044084,5,G12D
C3N-00303,0.051209104,10,G12D
C3N-00513,0.053244592,5.208333333,G12D
C3N-01166,0.053333333,14.92537313,G12D
C3N-01382,0.055462185,19.60784314,G12D
C3N-01011,0.039285714,16,G12D
C3L-04473,0.058727569,30,G12D
C3N-01997,0.063122924,0.99009901,G12D
C3L-00640,0.063973064,36.23188406,G12D
C3L-00189,0.069510269,13.1147541,G12S
C3N-01998,0.071794872,13.86138614,G12S
C3L-01036,0.07208589,52.5,G12S
C3N-03069,0.07239819,41.66666667,G12S
C3L-00881,0.073022312,23.07692308,G12S
C3N-01715,NA,46.875,G12S
C3N-03426,NA,41.17647059,G12S
C3N-00198,NA,18,G12S
C3N-01380,NA,12.5,Q61R
C3N-01388,0.077994429,20,Q61R
C3L-03388,0.081395349,75,Q61R
C3N-02589,0.08356546,20,Q61R
C3L-03356,0.083617747,33.00970874,Q61R
C3N-02944,0.083636364,20,Q61R
C3N-00436,0.085271318,16,G12V
C3L-00928,0.085648148,38.46153846,G12V
C3L-01124,0.085808581,28.57142857,G12V
C3N-02592,0.088091354,46,G12V
C3N-01383,0.08988764,18,G13D
C3N-03439,0.090551181,8,G13D
C3N-03006,0.092178771,15,G13D
C3N-01165,0.092460882,21.42857143,G13D
C3N-03173,0.094512195,30,G13D
C3L-04475,0.094758065,15,G12R
C3L-04853,0.095588235,5.076142132,G12R
C3L-02115,0.095744681,1.5,G12R
C3L-02701,0.100358423,52.38095238,G12R
C3L-00102,0.103189493,23.80952381,G12R
C3N-01375,0.103986135,17,G12R
C3N-03884,0.104504505,30.43478261,G12R
C3N-01168,0.105413105,47.61904762,G12R
C3L-00622,0.106382979,20,G12R
C3N-01381,0.110606061,30.73170732,G12R
C3L-01703,0.111859838,15,G12R
C3L-02118,0.112359551,42.5,G12R
C3L-03628,0.11588785,24.15458937,G12R
C3N-03780,0.11627907,35,G12R
C3L-01637,0.118834081,32.55813953,G12R
C3N-04119,0.119318182,22.72727273,Q61R
C3L-02899,0.120930233,46.2962963,Q61R
C3N-02971,0.121428571,20,Q61R
C3N-02573,0.121900826,25.12315271,Q61R
C3L-00819,0.122302158,33.33333333,Q61R
C3N-01714,0.122895623,15,Q61R
C3L-02890,0.12335958,4.5,G12V
C3L-02116,0.124309392,37.5,G12V
C3L-01453,0.125188537,30,G12V
C3L-03635,0.126182965,22.5,G12V
C3N-00518,0.12745098,16,G12V
C3N-03840,0.128309572,9.950248756,G12V
C3L-02606,0.129032258,62.5,G12V
C3N-03061,0.130325815,41.26213592,G12V
C3L-04848,0.130671506,20,G12V
C3N-00514,0.131127451,17.5,G12V
C3L-02897,0.13253012,44,G12V
C3L-01687,0.134199134,14.2384106,G12V
C3N-02940,0.13464991,53.17073171,G13D
C3L-04080,0.138317757,31.1627907,G13D
C3N-03853,0.138728324,32.5,G13D
C3N-04283,0.139896373,30.83333333,G13D
C3L-02109,0.142566191,12.5,G13D
C3L-03630,0.146711636,33.65384615,G13D
C3L-01662,0.148148148,50,G13D
C3N-00709,0.151138716,56,G13D
C3N-03007,0.152838428,27.77777778,G13D
C3N-03665,0.153526971,70,G12S
C3L-01598,0.154794521,20,G12S
C3L-00599,0.156787763,26.66666667,G12S
C3L-01051,0.157801418,45,G12S
C3N-01716,0.161184211,31.81818182,G12S
C3N-03839,0.162295082,47.54098361,G12S
C3L-04479,0.163072776,18.36734694,G12S
C3L-00625,0.163961039,49.01960784,Q61H
C3N-03754,0.165775401,65,Q61H
C3L-01037,0.165948276,54.16666667,Q61H
C3N-03666,0.167019027,34.28571429,Q61H
C3N-04126,0.172277228,47.5,Q61H
C3L-00017,0.174778761,20,Q61H
C3L-01689,0.175749319,50,G12C
C3L-04027,0.176616915,25,G12C
C3N-02585,0.181818182,48.7804878,G12C
C3N-03039,0.18974359,40,G12C
C3N-03086,0.196491228,20,G12C
C3L-02463,0.20295203,43.58974359,G12C
C3N-00249,0.214511041,16,Q61H
C3L-00589,0.216617211,60,Q61H
C3N-00302,0.226190476,17.14285714,Q61H
C3L-03743,0.231023102,23.80952381,Q61H
C3N-00511,0.232245681,65,Q61H
C3N-03190,0.237288136,10,Q61H
C3N-00516,0.238429173,18.04878049,Q61H
C3L-02610,0.251101322,22.5,Q61H
C3N-02579,0.258258258,33.33333333,Q61H
C3N-03000,0.272108844,28,Q61H
C3L-00598,0.280054645,65,Q61H
C3N-03430,0.28422425,19,Q61H
C3L-02809,0.309153713,40,Q61R
C3N-02768,0.310734463,43.75,Q61R
C3L-03123,0.320323015,39.21568627,Q61R
C3N-02010,0.327759197,47.36842105,Q61R
C3L-01031,0.327835052,72.81553398,Q61R
C3N-01167,0.332103321,16,Q61R
C3L-01971,0.334782609,5,Q61R
C3L-02604,0.35391924,57.14285714,G12V
C3L-00277,0.356807512,39.21568627,G12V
C3L-01328,0.393326593,20.74074074,G12V
C3L-03639,0.439716312,72.72727273,G12V
C3N-04282,0.445843829,48,G12V
C3L-04072,0.451048951,35,Q61R
C3L-02613,0.478487614,60.86956522,Q61R
