Participant_ID,PreferredSymbol,HGVSp,protein_substitution,HGVSc,base_substitution,Variant_Classification,Largest_VAF,wave,chromosome,position,reference,mutation,VAF_Outlier_Pvalue,95%MDAF
CHIP_LBC21_011,ASXL1,NP_056153.2:p.Gln925Ter,p.Gln925Ter,NM_015338.5:c.2773C>T,c.2773C>T,Nonsense_Mutation,0.0242,5,chr20,31023288,C,T,1.11E-16,0.00446571
CHIP_LBC21_015,ASXL1,NP_056153.2:p.Val807Ile,p.Val807Ile,NM_015338.5:c.2419G>A,c.2419G>A,Missense_Mutation,0.0505,3,chr20,31022934,G,A,1.11E-16,0.005494505
CHIP_LBC21_016,ASXL1,NP_056153.2:p.Glu635ArgfsTer15,p.Glu635ArgfsTer15,NM_015338.5:c.1900_1922del,c.1900_1922del,Frame_Shift_Del,0.0572,5,chr20,31022402,TCACCACTGCCATAGAGAGGCGGC,T,1.11E-16,0.002165172
CHIP_LBC21_017,BCOR,NP_060215.4:p.Thr1265Pro,p.Thr1265Pro,NM_017745.5:c.3793A>C,c.3793A>C,Missense_Mutation,0.0218,4,chrX,39922277,T,G,1.78E-09,0.016326531
CHIP_LBC36_037,BRAF,NP_004324.2:p.Gly455Arg,p.Gly455Arg,NM_004333.4:c.1363G>A,c.1363G>A,Missense_Mutation,0.0218,2,chr7,140481445,C,T,1.11E-16,0.004366812
CHIP_LBC21_038,CBL,NP_005179.2:p.Leu380Pro,p.Leu380Pro,NM_005188.3:c.1139T>C,c.1139T>C,Missense_Mutation,0.0394,3,chr11,119148919,T,C,1.11E-16,0.006883605
CHIP_LBC21_018,CDKN2A,NP_000068.1:p.Val82Gly,p.Val82Gly,NM_000077.4:c.245T>G,c.245T>G,Missense_Mutation,0.02,3,chr9,21971113,A,C,0.090979805,0.036297641
CHIP_LBC36_002,CDKN2A,NP_000068.1:p.Thr79Pro,p.Thr79Pro,NM_000077.4:c.235A>C,c.235A>C,Missense_Mutation,0.0258,4,chr9,21971123,T,G,1.92E-11,0.017433752
CHIP_LBC36_035,CEBPA,NP_004355.2:p.Tyr181Ser,p.Tyr181Ser,NM_004364.3:c.542A>C,c.542A>C,Missense_Mutation,0.0204,3,chr19,33792779,T,G,NA,NA
CHIP_LBC21_002,DNMT3A,NP_072046.2:p.Ile769Ser,p.Ile769Ser,NM_022552.4:c.2306T>G,c.2306T>G,Missense_Mutation,0.0221,4,chr2,25463187,A,C,1.11E-16,0.00396376
CHIP_LBC21_003,DNMT3A,,,NM_022552.4:c.1668-3C>G,c.1668-3C>G,Splice_Region,0.4261,3,chr2,25467210,G,C,1.11E-16,0.002498216
CHIP_LBC21_005,DNMT3A,NP_072046.2:p.Ile840Ter,p.Ile840Ter,NM_022552.4:c.2517del,c.2517del,Frame_Shift_Del,0.4481,3,chr2,25458655,TG,T,1.11E-16,0.003095975
CHIP_LBC21_007,DNMT3A,NP_072046.2:p.Asp748AlafsTer3,p.Asp748AlafsTer3,NM_022552.4:c.2243_2259del,c.2243_2259del,Frame_Shift_Del,0.0931,3,chr2,25463233,GCCAGAAGAAGGGGCGAT,G,1.11E-16,0.002585888
CHIP_LBC21_013,DNMT3A,NP_072046.2:p.Ser255ProfsTer61,p.Ser255ProfsTer61,NM_022552.4:c.762del,c.762del,Frame_Shift_Del,0.0377,3,chr2,25470998,AT,A,1.11E-16,0.002444134
CHIP_LBC21_024,DNMT3A,NP_072046.2:p.Leu504ProfsTer42,p.Leu504ProfsTer42,NM_022552.4:c.1510dup,c.1510dup,Frame_Shift_Ins,0.1086,3,chr2,25468165,A,AG,1.11E-16,0.002638522
CHIP_LBC21_032,DNMT3A,NP_072046.2:p.Val687Asp,p.Val687Asp,NM_022552.4:c.2060T>A,c.2060T>A,Missense_Mutation,0.0755,5,chr2,25464453,A,T,1.11E-16,0.005564388
CHIP_LBC21_034,DNMT3A,,,NM_022552.4:c.2173+1G>A,c.2173+1G>A,Splice_Site,0.0476,4,chr2,25463508,C,T,1.11E-16,0.004249894
CHIP_LBC36_009,DNMT3A,NP_072046.2:p.Leu547Phe,p.Leu547Phe,NM_022552.4:c.1639C>T,c.1639C>T,Missense_Mutation,0.297,3,chr2,25467437,G,A,1.11E-16,0.003984064
CHIP_LBC36_011,DNMT3A,,,NM_022552.4:c.1852-1G>A,c.1852-1G>A,Splice_Site,0.3006,3,chr2,25466852,C,T,1.11E-16,0.005416385
CHIP_LBC36_012,DNMT3A,NP_072046.2:p.Pro627ArgfsTer22,p.Pro627ArgfsTer22,NM_022552.4:c.1878_1884del,c.1878_1884del,Frame_Shift_Del,0.1057,1,chr2,25466818,CAGCTGGG,C,1.11E-16,0.002971138
CHIP_LBC36_013,DNMT3A,NP_072046.2:p.Arg635Gln,p.Arg635Gln,NM_022552.4:c.1904G>A,c.1904G>A,Missense_Mutation,0.16,3,chr2,25466799,C,T,NA,NA
CHIP_LBC36_014,DNMT3A,NP_072046.2:p.Gln534ArgfsTer117,p.Gln534ArgfsTer117,NM_022552.4:c.1601del,c.1601del,Frame_Shift_Del,0.132,4,chr2,25467474,CT,C,1.11E-16,0.003111111
CHIP_LBC36_015,DNMT3A,NP_072046.2:p.Leu344Gln,p.Leu344Gln,NM_022552.4:c.1031T>A,c.1031T>A,Missense_Mutation,0.0219,1,chr2,25470011,A,T,1.11E-16,0.004265692
CHIP_LBC36_016,DNMT3A,NP_072046.2:p.Glu725GlyfsTer54,p.Glu725GlyfsTer54,NM_022552.4:c.2174del,c.2174del,Frame_Shift_Del,0.0596,2,chr2,25463318,CT,C,1.11E-16,0.002879473
CHIP_LBC36_017,DNMT3A,,,NM_022552.4:c.2322+1G>A,c.2322+1G>A,Splice_Site,0.1588,4,chr2,25463170,C,T,1.11E-16,0.005670103
CHIP_LBC36_018,DNMT3A,,,NM_022552.4:c.1554+1G>A,c.1554+1G>A,Splice_Site,0.0938,2,chr2,25468121,C,T,1.11E-16,0.003972195
CHIP_LBC36_020,DNMT3A,NP_072046.2:p.Tyr536ThrfsTer115,p.Tyr536ThrfsTer115,NM_022552.4:c.1605del,c.1605del,Frame_Shift_Del,0.2593,4,chr2,25467470,AG,A,1.11E-16,0.003066141
CHIP_LBC36_021,DNMT3A,NP_072046.2:p.Cys559Ter,p.Cys559Ter,NM_022552.4:c.1677C>A,c.1677C>A,Nonsense_Mutation,0.3837,4,chr2,25467198,G,T,1.11E-16,0.003628118
CHIP_LBC36_022,DNMT3A,NP_072046.2:p.Arg326Gly,p.Arg326Gly,NM_022552.4:c.976C>G,c.976C>G,Missense_Mutation,0.28,3,chr2,25470498,G,C,1.11E-16,0.004804393
CHIP_LBC36_023,DNMT3A,,,NM_022552.4:c.1429+1G>C,c.1429+1G>C,Splice_Site,0.037,1,chr2,25469028,C,G,1.11E-16,0.002422145
CHIP_LBC36_024,DNMT3A,NP_072046.2:p.Gly550Arg,p.Gly550Arg,NM_022552.4:c.1648G>A,c.1648G>A,Missense_Mutation,0.026,4,chr2,25467428,C,T,1.11E-16,0.006866111
CHIP_LBC36_028,DNMT3A,,,NM_022552.4:c.2478+1G>T,c.2478+1G>T,Splice_Site,0.3834,3,chr2,25459804,C,A,1.11E-16,0.010736196
CHIP_LBC36_030,DNMT3A,NP_072046.2:p.Phe752LeufsTer4,p.Phe752LeufsTer4,NM_022552.4:c.2256_2257del,c.2256_2257del,Frame_Shift_Del,0.3116,4,chr2,25463235,CAG,C,1.11E-16,0.003937008
CHIP_LBC36_034,DNMT3A,NP_072046.2:p.Tyr735Asn,p.Tyr735Asn,NM_022552.4:c.2203T>A,c.2203T>A,Missense_Mutation,0.1961,4,chr2,25463290,A,T,1.11E-16,0.004570384
CHIP_LBC36_036,DNMT3A,NP_072046.2:p.Gly673ProfsTer35,p.Gly673ProfsTer35,NM_022552.4:c.2016_2029del,c.2016_2029del,Frame_Shift_Del,0.2438,1,chr2,25464483,TGCCGCACCATGCCC,T,1.11E-16,0.003923767
CHIP_LBC36_040,DNMT3A,,,NM_022552.4:c.2083-2A>G,c.2083-2A>G,Splice_Site,0.0432,3,chr2,25463601,T,C,1.11E-16,0.006479482
CHIP_LBC36_041,DNMT3A,NP_072046.2:p.Arg736Cys,p.Arg736Cys,NM_022552.4:c.2206C>T,c.2206C>T,Missense_Mutation,0.0936,3,chr2,25463287,G,A,1.11E-16,0.005123428
CHIP_LBC36_042,DNMT3A,NP_072046.2:p.Ala353ValfsTer39,p.Ala353ValfsTer39,NM_022552.4:c.1056_1057del,c.1056_1057del,Frame_Shift_Del,0.3256,4,chr2,25469984,GCA,G,1.11E-16,0.005054152
CHIP_LBC36_043,DNMT3A,NP_072046.2:p.Trp581Gly,p.Trp581Gly,NM_022552.4:c.1741T>G,c.1741T>G,Missense_Mutation,0.0842,1,chr2,25467134,A,C,1.11E-16,0.00802139
CHIP_LBC21_010,JAK2,NP_004963.1:p.Val617Phe,p.Val617Phe,NM_004972.3:c.1849G>T,c.1849G>T,Missense_Mutation,0.2772,4,chr9,5073770,G,T,1.11E-16,0.002552881
CHIP_LBC36_003,JAK2,NP_004963.1:p.Val617Phe,p.Val617Phe,NM_004972.3:c.1849G>T,c.1849G>T,Missense_Mutation,0.5015,3,chr9,5073770,G,T,1.11E-16,0.002167183
CHIP_LBC36_004,JAK2,NP_004963.1:p.Val617Phe,p.Val617Phe,NM_004972.3:c.1849G>T,c.1849G>T,Missense_Mutation,0.2546,1,chr9,5073770,G,T,1.11E-16,0.002851324
CHIP_LBC36_007,JAK2,NP_004963.1:p.Val617Phe,p.Val617Phe,NM_004972.3:c.1849G>T,c.1849G>T,Missense_Mutation,0.3028,3,chr9,5073770,G,T,1.11E-16,0.003158845
CHIP_LBC36_026,JAK2,NP_004963.1:p.Val617Phe,p.Val617Phe,NM_004972.3:c.1849G>T,c.1849G>T,Missense_Mutation,0.3183,4,chr9,5073770,G,T,1.11E-16,0.002335669
CHIP_LBC36_027,JAK2,NP_004963.1:p.Val617Phe,p.Val617Phe,NM_004972.3:c.1849G>T,c.1849G>T,Missense_Mutation,0.7418,2,chr9,5073770,G,T,1.11E-16,0.002082094
CHIP_LBC36_031,LUC7L2,NP_057103.2:p.Met10Val,p.Met10Val,NM_016019.4:c.28A>G,c.28A>G,Missense_Mutation,0.0248,5,chr7,139045035,A,G,6.63E-05,0.03960396
CHIP_LBC21_004,RAD21,NP_006256.1:p.Asp400Ala,p.Asp400Ala,NM_006265.2:c.1199A>C,c.1199A>C,Missense_Mutation,0.0238,4,chr8,117864910,T,G,0.000215421,0.024291498
CHIP_LBC21_023,RAD21,,,NM_006265.2:c.815-3_815-2delinsGG,c.815-3_815-2delinsGG,Splice_Site,0.0206,5,chr8,117868529,TG,CC,0.000285468,0.024691358
CHIP_LBC21_037,RUNX1,NP_001745.2:p.Ser410Ala,p.Ser410Ala,NM_001754.4:c.1228T>G,c.1228T>G,Missense_Mutation,0.0206,3,chr21,36164647,A,C,2.66E-15,0.011340206
CHIP_LBC36_005,SF3B1,NP_036565.2:p.Lys700Glu,p.Lys700Glu,NM_012433.2:c.2098A>G,c.2098A>G,Missense_Mutation,0.0257,4,chr2,198266834,T,C,1.11E-16,0.005213764
CHIP_LBC21_001,TET2,NP_060098.3:p.Asp236IlefsTer14,p.Asp236IlefsTer14,NM_017628.4:c.705del,c.705del,Frame_Shift_Del,0.2107,4,chr4,106155803,CA,C,1.11E-16,0.001361603
CHIP_LBC21_008,TET2,NP_060098.3:p.Glu350LeufsTer24,p.Glu350LeufsTer24,NM_017628.4:c.1043_1047dup,c.1043_1047dup,Frame_Shift_Ins,0.0319,3,chr4,106156139,C,CGTCTG,1.11E-16,0.00235136
CHIP_LBC21_019,TET2,NP_060098.3:p.Thr313TyrfsTer18,p.Thr313TyrfsTer18,NM_017628.4:c.936dup,c.936dup,Frame_Shift_Ins,0.1293,4,chr4,106156034,A,AT,1.11E-16,0.002286088
CHIP_LBC21_027,TET2,NP_060098.3:p.Lys780SerfsTer8,p.Lys780SerfsTer8,NM_017628.4:c.2339_2340del,c.2339_2340del,Frame_Shift_Del,0.0287,4,chr4,106157436,TAA,T,1.11E-16,0.001776199
CHIP_LBC21_039,TET2,NP_060098.3:p.Arg581His,p.Arg581His,NM_017628.4:c.1742G>A,c.1742G>A,Missense_Mutation,0.0308,5,chr4,106156841,G,A,1.11E-16,0.00505689
CHIP_LBC21_046,TET2,NP_060098.3:p.Pro851LeufsTer22,p.Pro851LeufsTer22,NM_017628.4:c.2552del,c.2552del,Frame_Shift_Del,0.132,4,chr4,106157649,TC,T,1.11E-16,0.00160032
CHIP_LBC36_008,TET2,NP_060098.3:p.Glu368AsnfsTer4,p.Glu368AsnfsTer4,NM_017628.4:c.1102del,c.1102del,Frame_Shift_Del,0.3403,4,chr4,106156200,TG,T,1.11E-16,0.002140018
CHIP_LBC36_019,TET2,NP_060098.3:p.Tyr192His,p.Tyr192His,NM_017628.4:c.574T>C,c.574T>C,Missense_Mutation,0.4671,1,chr4,106155673,T,C,1.11E-16,0.006769826
CHIP_LBC36_033,TET2,NP_060098.3:p.Ile565AsnfsTer2,p.Ile565AsnfsTer2,NM_017628.4:c.1693dup,c.1693dup,Frame_Shift_Ins,0.0368,3,chr4,106156791,G,GA,1.11E-16,0.002860646
CHIP_LBC21_028,ZRSR2,NP_005080.1:p.Gly438Arg,p.Gly438Arg,NM_005089.3:c.1311_1312inv,c.1311_1312inv,Missense_Mutation,0.0221,4,chrX,15841227,GG,CC,1.11E-16,0.001524971
