"Var1","value"
"HSP90B1",0.654522726878143
"LSP1",0.723999309391936
"ARHGAP4",0.65046983019968
"AHNAK",0.682940700207566
"FLII",0.627035884140613
"CWF19L1",0.801872807869178
"SIPA1",0.696327509150687
"FMNL1",0.654522726878143
"LSP1",0.622719840698849
"ARHGAP4",0.547999087590481
"AHNAK",0.709422300185158
"FLII",0.585548460846752
"CWF19L1",0.553814951044119
"SIPA1",0.654832039533803
"FMNL1",0.723999309391936
"HSP90B1",0.622719840698849
"ARHGAP4",0.528630305601183
"AHNAK",0.688498366011133
"FLII",0.626897120746299
"CWF19L1",0.455729086190469
"SIPA1",0.61210293252034
"FMNL1",0.65046983019968
"HSP90B1",0.547999087590481
"LSP1",0.528630305601183
"AHNAK",0.544458446531965
"FLII",0.625987220316837
"CWF19L1",0.387011627732294
"SIPA1",0.719955554183729
"FMNL1",0.682940700207566
"HSP90B1",0.709422300185158
"LSP1",0.688498366011133
"ARHGAP4",0.544458446531965
"FLII",0.60467677316067
"CWF19L1",0.553814951044119
"SIPA1",0.62793550624248
"FMNL1",0.627035884140613
"HSP90B1",0.585548460846752
"LSP1",0.626897120746299
"ARHGAP4",0.625987220316837
"AHNAK",0.60467677316067
"CWF19L1",0.40801102926269
"SIPA1",0.61793446254437
"FMNL1",0.801872807869178
"HSP90B1",0.553814951044119
"LSP1",0.455729086190469
"ARHGAP4",0.387011627732294
"AHNAK",0.553814951044119
"FLII",0.40801102926269
"SIPA1",0.553814951044119
"FMNL1",0.696327509150687
"HSP90B1",0.654832039533803
"LSP1",0.61210293252034
"ARHGAP4",0.719955554183729
"AHNAK",0.62793550624248
"FLII",0.61793446254437
"CWF19L1",0.553814951044119
