,p_val,avg_logFC,pct.1,pct.2,p_val_adj,cluster,gene
ERCC-00025,1.67228921972112e-57,0.53234743987868,1,0.492,2.9244993874483e-53,0,ERCC-00025
ERCC-00074,1.52044280860324e-56,1.74619352412906,1,1,2.65895038368535e-52,0,ERCC-00074
ERCC-00136,1.73625981922061e-56,1.6090138683329,1,1,3.036371171853e-52,0,ERCC-00136
ERCC-00003,1.8690820694106e-56,1.58680073367585,1,1,3.26865072298526e-52,0,ERCC-00003
ERCC-00096,1.95358077777935e-56,1.68113327519119,1,1,3.41642206418052e-52,0,ERCC-00096
ERCC-00043,1.9680237601449e-56,1.44525445830153,1,0.997,3.44167995174141e-52,0,ERCC-00043
ERCC-00046,1.98258415095838e-56,1.62515632126559,1,1,3.46714316319601e-52,0,ERCC-00046
ERCC-00002,2.02689530857123e-56,1.70562483035335,1,1,3.54463451562937e-52,0,ERCC-00002
ERCC-00004,2.26369128294372e-56,1.64922448617371,1,1,3.95874331561198e-52,0,ERCC-00004
ERCC-00130,2.31425847827117e-56,1.6420334881125,1,1,4.04717522680063e-52,0,ERCC-00130
ERCC-00113,2.68135863188396e-56,1.56367263120556,1,1,4.68915997543866e-52,0,ERCC-00113
ERCC-00145,2.92888465446635e-56,1.38104481131433,1,1,5.12203348373075e-52,0,ERCC-00145
ERCC-00108,3.29467561496059e-56,1.46442284941806,1,1,5.76172871544307e-52,0,ERCC-00108
ERCC-00009,4.04758797386395e-56,1.33547218819469,1,0.999,7.07842184869327e-52,0,ERCC-00009
ERCC-00042,5.08246308133864e-56,1.29521923543571,1,0.999,8.88821143664502e-52,0,ERCC-00042
ERCC-00111,5.79890341469705e-56,1.24906679296155,1,0.986,1.01411222916222e-51,0,ERCC-00111
ERCC-00162,7.50379003424344e-56,0.396534938625193,1,0.396,1.31226280118849e-51,0,ERCC-00162
ERCC-00171,8.00864351401277e-56,1.42007916641847,1,1,1.40055157773055e-51,0,ERCC-00171
ERCC-00022,2.37272262584781e-55,0.731184495963078,1,0.774,4.14941732808264e-51,0,ERCC-00022
ERCC-00060,3.27085327111638e-55,1.0340934889325,1,0.967,5.72006820052833e-51,0,ERCC-00060
ERCC-00131,4.92930153385616e-54,0.607933186116615,1,0.65,8.62036252240766e-50,0,ERCC-00131
ERCC-00092,8.42203857854265e-54,0.78279453660978,1,0.858,1.47284610661554e-49,0,ERCC-00092
ERCC-00112,1.79773031302035e-52,0.888648989184359,1,0.914,3.14387077141e-48,0,ERCC-00112
ERCC-00076,1.22978785812833e-51,0.716332853212481,1,0.808,2.15065300629482e-47,0,ERCC-00076
ERCC-00035,3.07219870038335e-51,0.476081958800884,1,0.526,5.3726610872304e-47,0,ERCC-00035
ERCC-00062,2.93803733791568e-50,0.473570090143687,0.989,0.533,5.13803969654695e-46,0,ERCC-00062
ERCC-00095,3.46214157930984e-50,0.572849233145569,1,0.758,6.05459319389704e-46,0,ERCC-00095
ERCC-00053,5.58457937921353e-49,0.306597035202796,0.926,0.31,9.76631241836863e-45,0,ERCC-00053
ERCC-00079,8.73776846517763e-48,0.340318082654156,0.947,0.367,1.52806094919026e-43,0,ERCC-00079
ERCC-00071,2.52084026837181e-46,0.33240013050483,0.989,0.392,4.40844546132863e-42,0,ERCC-00071
ERCC-00044,2.59439571185859e-45,0.478837246072923,0.989,0.654,4.53707922089831e-41,0,ERCC-00044
ERCC-00165,1.16248944227664e-43,0.306716494084668,0.968,0.383,2.03296153665339e-39,0,ERCC-00165
ERCC-00078,1.54057755371977e-43,0.318783866418546,0.968,0.46,2.69416202594513e-39,0,ERCC-00078
ENSG00000120437,9.27746297953117e-38,-0.458677656245508,1,1,1.62244272586041e-33,0,ENSG00000120437
ENSG00000140264,1.06384723460776e-35,-0.262840620936675,1,1,1.86045604388205e-31,0,ENSG00000140264
ERCC-00059,1.92070307880331e-35,0.281703340548321,0.947,0.438,3.35892554421123e-31,0,ERCC-00059
ENSG00000184076,4.19726760968329e-34,-0.260064060282285,1,1,7.34018159581413e-30,0,ENSG00000184076
ENSG00000026025,1.57200858748195e-33,-0.567946719331167,0.821,0.974,2.74912861778843e-29,0,ENSG00000026025
ENSG00000164265,1.82739334369601e-33,0.331037369733825,0.968,0.371,3.19574547945559e-29,0,ENSG00000164265
ENSG00000182117,4.68637476954112e-33,-0.265076021615789,1,1,8.19553219697351e-29,0,ENSG00000182117
ENSG00000103363,1.19538442479449e-32,-0.295276578420286,1,1,2.0904882820806e-28,0,ENSG00000103363
ENSG00000169020,2.27762929976006e-31,-0.264174516921857,1,1,3.98311811942039e-27,0,ENSG00000169020
ENSG00000198865,2.67200866276614e-31,-0.678025166218833,0.105,0.749,4.67280874944542e-27,0,ENSG00000198865
ENSG00000106153,3.1558616580088e-31,0.613215275324819,1,0.615,5.5189708675258e-27,0,ENSG00000106153
ENSG00000090266,4.68774431265484e-31,-0.282899299345811,1,1,8.19792725397078e-27,0,ENSG00000090266
ENSG00000079459,3.28013622104316e-30,-0.277339721718849,1,1,5.73630222336029e-26,0,ENSG00000079459
ENSG00000111678,2.43861977383455e-28,-0.308999143249993,1,1,4.26465826048186e-24,0,ENSG00000111678
ENSG00000124562,1.5105705106815e-27,-0.261989057168626,1,1,2.64168570907981e-23,0,ENSG00000124562
ENSG00000102309,1.25644142294045e-26,-0.34236127157342,0.926,0.982,2.19726476043826e-22,0,ENSG00000102309
ENSG00000147601,2.18097573302105e-26,0.309575910216704,1,1,3.81409036190721e-22,0,ENSG00000147601
ENSG00000154380,8.91702834853933e-26,0.267299636584606,1,1,1.55940991759256e-21,0,ENSG00000154380
ENSG00000184752,2.35932490466876e-25,-0.258439284904951,1,1,4.12598739328472e-21,0,ENSG00000184752
ENSG00000167815,2.56281240191906e-25,-0.264192035701395,1,1,4.48184632847605e-21,0,ENSG00000167815
ENSG00000156976,3.67114176736838e-25,-0.261965641035299,1,1,6.42009272277382e-21,0,ENSG00000156976
ENSG00000091409,4.27649688580707e-25,-0.311817152935661,0.989,0.999,7.4787377538994e-21,0,ENSG00000091409
ENSG00000167552,4.56530196252978e-25,-0.286501146901557,1,1,7.98380007207208e-21,0,ENSG00000167552
ENSG00000154556,4.69480960441072e-25,0.389607803660749,1,0.969,8.21028303619346e-21,0,ENSG00000154556
ENSG00000108953,5.15206439565085e-25,-0.266655340680212,1,1,9.0099302151142e-21,0,ENSG00000108953
ENSG00000183011,1.65322168566205e-24,-0.312920259643903,0.968,0.993,2.89115408388579e-20,0,ENSG00000183011
ENSG00000154473,1.61308738295719e-23,-0.280417491910613,1,1,2.82096721531554e-19,0,ENSG00000154473
ENSG00000172270,3.58796190818825e-23,-0.389718205877452,1,1,6.2746277850396e-19,0,ENSG00000172270
ENSG00000133935,4.01532905249336e-22,-0.333846178083939,1,1,7.02200744700038e-18,0,ENSG00000133935
ENSG00000164096,6.93667787226072e-22,-0.277436936299447,1,0.999,1.21308622630096e-17,0,ENSG00000164096
ENSG00000170906,1.19997980418716e-21,-0.283039085814672,1,1,2.0985246815625e-17,0,ENSG00000170906
ENSG00000123560,1.33020366093748e-21,0.253266454756517,0.989,0.888,2.32626016224747e-17,0,ENSG00000123560
ENSG00000104332,1.41608467769852e-21,-0.252276419416039,1,1,2.47644888435916e-17,0,ENSG00000104332
ENSG00000174721,2.15388898802262e-21,-0.320268041650371,1,1,3.76672106225396e-17,0,ENSG00000174721
ENSG00000147604,3.14206192850218e-21,-0.364702643041468,1,0.994,5.49483790056461e-17,0,ENSG00000147604
ENSG00000115539,5.36423433753513e-21,-0.284427932722981,0.979,0.994,9.38097300948143e-17,0,ENSG00000115539
ENSG00000147155,5.48384064811307e-21,-0.266479637508909,0.989,1,9.59014052542014e-17,0,ENSG00000147155
ENSG00000116898,5.55681482378046e-21,-0.252312438304647,1,0.999,9.71775776382726e-17,0,ENSG00000116898
ENSG00000110492,6.22944277236205e-20,-0.302182631876159,1,1,1.08940495203068e-15,0,ENSG00000110492
ENSG00000197728,1.20244738455755e-19,-0.311846481264322,0.958,0.989,2.10283998611425e-15,0,ENSG00000197728
ENSG00000151725,1.33749197227143e-19,-0.266758783670832,0.979,0.997,2.33900596110828e-15,0,ENSG00000151725
ENSG00000145425,3.56444688124725e-19,-0.26324283460447,1,1,6.23350470592519e-15,0,ENSG00000145425
ENSG00000185201,4.35801845581319e-19,-0.298730649322757,0.947,0.983,7.6213026755261e-15,0,ENSG00000185201
ENSG00000179059,1.32172063016875e-18,-0.282704541430359,0.989,0.999,2.31142503803912e-14,0,ENSG00000179059
ENSG00000155368,2.32865770899509e-18,-0.264453998963071,1,1,4.07235660149062e-14,0,ENSG00000155368
ENSG00000162194,3.83604748693445e-18,-0.252280048230436,1,0.999,6.70847984515097e-14,0,ENSG00000162194
ENSG00000062716,1.09092994006569e-17,-0.30897277074814,0.989,1,1.90781827918687e-13,0,ENSG00000062716
ENSG00000147403,1.99807489231731e-17,-0.265645577893826,1,1,3.49423337168451e-13,0,ENSG00000147403
ENSG00000110092,2.09470773289785e-17,0.25035353151854,0.989,0.954,3.66322488329175e-13,0,ENSG00000110092
ENSG00000232112,5.34189057459751e-17,-0.261949168879942,1,1,9.34189823685613e-13,0,ENSG00000232112
ENSG00000077458,7.4509882147836e-17,-0.320303815662428,0.947,0.969,1.30302881900136e-12,0,ENSG00000077458
ENSG00000113161,5.94182028772062e-16,-0.253204030508114,1,1,1.03910553191658e-11,0,ENSG00000113161
ENSG00000240972,2.35991602587025e-15,-0.30201627255855,1,1,4.12702114604189e-11,0,ENSG00000240972
ENSG00000132507,1.29706418342659e-14,-0.414456127532997,1,1,2.26830584397643e-10,0,ENSG00000132507
ENSG00000077152,1.71445902029702e-14,-0.255866872991933,1,0.997,2.99824593469543e-10,0,ENSG00000077152
ENSG00000256618,2.12893236626697e-14,-0.675745126593977,0.979,0.996,3.72307692212768e-10,0,ENSG00000256618
ENSG00000105640,6.83678946287213e-14,-0.317521333586978,1,0.999,1.19561774126708e-09,0,ENSG00000105640
ENSG00000108518,3.73889676295011e-13,-0.320292326474721,1,1,6.53858265904716e-09,0,ENSG00000108518
ENSG00000184110,6.01775485728504e-13,-0.268308675007284,0.947,0.976,1.05238496944201e-08,0,ENSG00000184110
ENSG00000169715,1.44587935430111e-05,-0.252490141063815,0.021,0.2,0.252855381480177,0,ENSG00000169715
ENSG00000187193,0.000111613402259753,-0.281309136389031,0.916,0.915,1,0,ENSG00000187193
ENSG00000125148,0.00136452853531342,-0.404595356598646,0.358,0.458,1,0,ENSG00000125148
ENSG00000205364,1.2186025619837e-139,0.320255285868325,0.853,0.008,2.13109216039709e-135,1,ENSG00000205364
ENSG00000169715.1,3.58912428242892e-124,1.10502026895931,1,0.071,6.27666054511169e-120,1,ENSG00000169715
ENSG00000205358,3.84863619104494e-99,0.929293589544294,1,0.136,6.73049497089939e-95,1,ENSG00000205358
ENSG00000125144,2.55219400382302e-80,0.698798119424098,0.989,0.189,4.46327687388569e-76,1,ENSG00000125144
ENSG00000198417,1.62395544023902e-78,0.642818390932848,0.979,0.185,2.83997327389e-74,1,ENSG00000198417
ENSG00000125148.1,8.21280024654198e-68,1.49493852500965,1,0.374,1.43625450711526e-63,1,ENSG00000125148
ENSG00000139318,4.1378002467916e-56,-0.882057161627967,0.989,1,7.23618507158915e-52,1,ENSG00000139318
ENSG00000133316,3.09848430805097e-53,0.720027614710435,1,0.999,5.41862935791954e-49,1,ENSG00000133316
ENSG00000112972,5.96145451042063e-46,0.477735460822506,1,1,1.04253916478236e-41,1,ENSG00000112972
ENSG00000104112,9.1102659172008e-45,-0.551197731364293,1,1,1.59320330360008e-40,1,ENSG00000104112
ENSG00000120437.1,3.45756955554098e-43,0.445241734772699,1,1,6.04659763873007e-39,1,ENSG00000120437
ENSG00000166426,1.57824818107845e-41,-0.654189835573515,0.989,1,2.76004041907e-37,1,ENSG00000166426
ENSG00000124766,5.10096540053064e-41,-0.383278481952728,1,1,8.92056829244798e-37,1,ENSG00000124766
ENSG00000067064,9.94740309113037e-41,0.423328248220546,1,1,1.73960185257688e-36,1,ENSG00000067064
ENSG00000185088,2.49551509281459e-40,-0.682575994021676,1,1,4.36415679431416e-36,1,ENSG00000185088
ENSG00000102317,2.73838882260316e-40,0.463584430100629,1,0.989,4.78889437296841e-36,1,ENSG00000102317
ENSG00000164111,6.96057900657939e-39,0.537987655407285,1,1,1.2172660566706e-34,1,ENSG00000164111
ENSG00000100650,2.77051169778454e-38,0.370054066680644,1,0.999,4.84507085708561e-34,1,ENSG00000100650
ENSG00000143198,3.93006526400122e-38,-0.404123316602526,1,1,6.87289813368533e-34,1,ENSG00000143198
ENSG00000136014,3.88352797533586e-37,-0.370644309594216,1,1,6.79151372326734e-33,1,ENSG00000136014
ENSG00000187678,1.11502271570304e-36,-0.376504060903833,0.705,0.981,1.94995172522148e-32,1,ENSG00000187678
ENSG00000141510,2.22466539797601e-34,-0.374114139577975,0.568,0.929,3.89049484798045e-30,1,ENSG00000141510
ENSG00000029363,6.00171619822061e-34,0.273083347617135,1,1,1.04958012874482e-29,1,ENSG00000029363
ENSG00000198825,7.13420096967358e-34,0.384647575973642,1,0.675,1.24762906557652e-29,1,ENSG00000198825
ENSG00000173401,7.30001292735704e-34,0.315147083522975,0.947,0.483,1.2766262607362e-29,1,ENSG00000173401
ENSG00000240563,7.48574563038694e-34,-0.264341467519072,1,1,1.30910719584207e-29,1,ENSG00000240563
ENSG00000106153.1,1.21083542313581e-33,-1.12313220403308,0,0.747,2.11750898797991e-29,1,ENSG00000106153
ENSG00000133935.1,1.53885127212772e-32,0.386637466941956,1,1,2.69114310469696e-28,1,ENSG00000133935
ENSG00000067082,3.4511670764164e-32,0.3797883167957,1,0.91,6.03540098323701e-28,1,ENSG00000067082
ENSG00000138035,1.40794862604771e-30,-0.463151563436085,0.979,0.993,2.46222055723223e-26,1,ENSG00000138035
ENSG00000115758,1.55917502997437e-30,0.331779052726236,1,1,2.72668529241917e-26,1,ENSG00000115758
ENSG00000069275,2.45338540088324e-29,-0.271264457869351,1,1,4.2904803890646e-25,1,ENSG00000069275
ENSG00000165349,4.18780100441249e-29,-0.360698060279808,0.937,0.993,7.32362639651657e-25,1,ENSG00000165349
ENSG00000110092.1,5.08582260877031e-29,-0.394070516997415,0.832,0.975,8.89408657821752e-25,1,ENSG00000110092
ENSG00000022556,6.40906457694033e-29,-0.502878209878354,0.274,0.796,1.12081721321532e-24,1,ENSG00000022556
ENSG00000180730,7.82509946634418e-29,-0.344997030283591,0.853,0.988,1.36845339467427e-24,1,ENSG00000180730
ENSG00000184674,1.34936045750602e-28,-0.352953639610422,0,0.676,2.35976156808652e-24,1,ENSG00000184674
ENSG00000116679,1.5076894881952e-28,-0.338133476566948,1,0.999,2.63664737695576e-24,1,ENSG00000116679
ENSG00000143183,2.1103456739868e-28,-0.349302955897643,1,1,3.69057251466811e-24,1,ENSG00000143183
ENSG00000169136,2.15599817858282e-28,0.273882854987527,0.958,0.651,3.77040961470563e-24,1,ENSG00000169136
ENSG00000160888,4.40539680123879e-28,-0.336612971616099,0.916,0.986,7.7041579260064e-24,1,ENSG00000160888
ENSG00000112081,6.60987468203953e-28,0.261172660516364,1,1,1.15593488439507e-23,1,ENSG00000112081
ENSG00000169288,1.28358434083307e-27,0.28222660324428,1,0.993,2.24473229524888e-23,1,ENSG00000169288
ENSG00000099622,3.77278041358614e-27,0.311011867122984,1,0.967,6.59783838727944e-23,1,ENSG00000099622
ENSG00000117523,6.00529776700084e-27,-0.307957466731303,1,1,1.05020647349311e-22,1,ENSG00000117523
ENSG00000189171,1.33802558476306e-26,-0.306474854360111,0.947,0.986,2.33993914263364e-22,1,ENSG00000189171
ENSG00000145703,1.38838435130035e-26,-0.320094911959185,0.884,0.988,2.42800655355406e-22,1,ENSG00000145703
ENSG00000180694,1.7367808624123e-26,0.251635775966021,0.989,0.8,3.03728237218664e-22,1,ENSG00000180694
ENSG00000162194.1,1.87861449443651e-26,0.281104073678083,1,0.999,3.28532102787056e-22,1,ENSG00000162194
ENSG00000147601.1,2.45720487639231e-26,-0.37453269542224,1,1,4.29715988783488e-22,1,ENSG00000147601
ENSG00000165813,2.53062311542888e-26,-0.288273880770416,0.884,0.994,4.42555370426203e-22,1,ENSG00000165813
ENSG00000196950,2.59513886004884e-26,-0.314738815480688,1,1,4.53837883845341e-22,1,ENSG00000196950
ENSG00000120333,7.00823543491549e-26,-0.33787669880264,1,0.999,1.22560021285802e-21,1,ENSG00000120333
ENSG00000117318,8.36541855606375e-26,-0.404408782177614,1,1,1.46294439708443e-21,1,ENSG00000117318
ENSG00000109084,9.13866136111709e-26,0.263682637706913,1,1,1.59816909883216e-21,1,ENSG00000109084
ENSG00000181061,2.30258338619367e-25,0.25591450241276,1,1,4.02675782577548e-21,1,ENSG00000181061
ENSG00000026025.1,2.65201946282393e-25,0.437692419141535,1,0.95,4.63785163658649e-21,1,ENSG00000026025
ENSG00000133026,4.32857953326642e-25,-0.292384628005049,1,1,7.56981988777632e-21,1,ENSG00000133026
ENSG00000174938,8.48722686929701e-25,-0.309047210280772,0.968,0.999,1.48424623490266e-20,1,ENSG00000174938
ENSG00000043355,1.04613013849518e-24,-0.317674259368905,1,1,1.82947238620038e-20,1,ENSG00000043355
ENSG00000131473,1.298227127944e-24,0.257285528195309,1,1,2.27033960134847e-20,1,ENSG00000131473
ENSG00000146938,2.48650675959358e-24,-0.325572374391709,1,1,4.34840302117725e-20,1,ENSG00000146938
ENSG00000106603,2.76769423546933e-24,-0.258345053259634,1,1,4.84014367898876e-20,1,ENSG00000106603
ENSG00000113328,3.30797948991619e-24,-0.300611418025254,1,1,5.78499453196544e-20,1,ENSG00000113328
ENSG00000124193,1.17285241065496e-23,0.275402373498155,1,0.999,2.0510842957534e-19,1,ENSG00000124193
ENSG00000170561,1.43193200052411e-23,0.297757788891053,0.947,0.608,2.50416268251657e-19,1,ENSG00000170561
ENSG00000039068,2.23715953641281e-23,-0.290543156052993,1,1,3.91234459727872e-19,1,ENSG00000039068
ENSG00000159228,2.33200537616656e-23,-0.351722091814173,0.926,0.986,4.07821100184009e-19,1,ENSG00000159228
ENSG00000104341,3.69788680089359e-23,-0.295880936472126,1,1,6.46686443740272e-19,1,ENSG00000104341
ENSG00000140575,8.04117617111856e-23,-0.328759218032268,1,1,1.40624088880521e-18,1,ENSG00000140575
ENSG00000136108,1.60078834880514e-22,0.278006302148532,1,0.996,2.79945866439042e-18,1,ENSG00000136108
ENSG00000116017,2.98962404876821e-22,-0.286682616491512,0.989,0.997,5.22825453648585e-18,1,ENSG00000116017
ENSG00000241186,4.59953881840935e-22,-0.250480505063394,1,1,8.04367348563428e-18,1,ENSG00000241186
ENSG00000077684,1.14740096640776e-21,-0.263122995893198,1,1,2.00657481005389e-17,1,ENSG00000077684
ENSG00000111196,1.36631175757294e-21,0.270297475105434,1,0.996,2.38940600164356e-17,1,ENSG00000111196
ENSG00000163032,1.40972566776104e-21,-0.330077126807214,0.989,0.992,2.46532824778051e-17,1,ENSG00000163032
ENSG00000139364,1.4720264245357e-21,-0.317269963791307,0.937,0.972,2.57427981122804e-17,1,ENSG00000139364
ENSG00000018625,1.66965134825866e-21,-0.359476881673818,0.895,0.988,2.91988627783475e-17,1,ENSG00000018625
ENSG00000008083,1.74686225075658e-21,-0.291105400332087,1,1,3.05491270412311e-17,1,ENSG00000008083
ENSG00000143375,3.72297498402536e-21,-0.291161878522079,0.779,0.942,6.51073865206354e-17,1,ENSG00000143375
ENSG00000198721,5.70561986683574e-21,-0.266571164814548,0.979,0.997,9.97798802312234e-17,1,ENSG00000198721
ENSG00000183011.1,8.73791120964773e-21,0.262682068240808,1,0.989,1.5280859123432e-16,1,ENSG00000183011
ENSG00000145781,1.0364135886688e-20,-0.251041159282785,0.958,0.988,1.812480083864e-16,1,ENSG00000145781
ENSG00000111752,2.06851466329094e-20,-0.281610783068899,0.989,0.999,3.6174184431632e-16,1,ENSG00000111752
ENSG00000136371,2.47062242962362e-20,0.251799117790611,1,0.957,4.32062450492578e-16,1,ENSG00000136371
ENSG00000203668,2.64842750102257e-20,-0.288418199938649,0.968,0.996,4.63157001378826e-16,1,ENSG00000203668
ENSG00000092964,3.18296814045247e-20,-0.30313532429551,1,1,5.56637468402329e-16,1,ENSG00000092964
ENSG00000116747,1.41344453790868e-19,-0.265166134166287,1,1,2.4718318078947e-15,1,ENSG00000116747
ENSG00000136068,1.6888988062114e-19,-0.252889550057977,0.842,0.96,2.95354623230249e-15,1,ENSG00000136068
ENSG00000138768,4.59396045084701e-19,-0.258030152589326,1,1,8.03391803644125e-15,1,ENSG00000138768
ENSG00000077152.1,5.39678707985419e-19,0.258498588857489,1,0.997,9.437901245249e-15,1,ENSG00000077152
ENSG00000143320,5.9134968598025e-19,-0.305751804805134,0.811,0.947,1.03415233084226e-14,1,ENSG00000143320
ENSG00000135862,7.55986531943809e-19,-0.270046502909608,0.937,0.978,1.32206924706333e-14,1,ENSG00000135862
ENSG00000167004,2.17165004906056e-18,-0.296059592087736,1,1,3.7977816057971e-14,1,ENSG00000167004
ENSG00000166165,2.54018089507303e-18,-0.2769096609701,0.926,0.974,4.44226834930372e-14,1,ENSG00000166165
ENSG00000143248,5.05406519198273e-18,-0.333214266021001,0.926,0.975,8.8385492077394e-14,1,ENSG00000143248
ENSG00000160691,2.27909459246514e-17,-0.250203220368352,0.979,0.994,3.98568062330304e-13,1,ENSG00000160691
ENSG00000198727,3.0589531271782e-17,-0.263690126072486,1,1,5.34949722880923e-13,1,ENSG00000198727
ENSG00000134369,7.28656991503666e-17,-0.270437699265575,0.979,0.989,1.27427534674161e-12,1,ENSG00000134369
ENSG00000255823,7.78925397704499e-17,0.296834316675134,1,1,1.36218473550563e-12,1,ENSG00000255823
ENSG00000184110.1,1.09682860394737e-12,0.251000418131964,0.979,0.972,1.91813386258315e-08,1,ENSG00000184110
ENSG00000131969,2.87769295061257e-11,-0.325556112862895,0.842,0.867,5.03250943203127e-07,1,ENSG00000131969
ENSG00000256045,2.56175900901654e-10,0.280557622068593,0.989,0.979,4.48000415496813e-06,1,ENSG00000256045
ENSG00000163106,1.19206669470339e-09,-0.27193200728042,0.758,0.844,2.08468623569729e-05,1,ENSG00000163106
ENSG00000183513,1.43731756374998e-09,-0.418662515208151,0.979,1,2.51358095548597e-05,1,ENSG00000183513
ERCC-00060.1,1.79418682609638e-08,-0.321835765135608,0.916,0.978,0.000313767392147734,1,ERCC-00060
ERCC-00096.1,4.23123500613866e-08,-0.599429611142877,1,1,0.00073995837787353,1,ERCC-00096
ENSG00000154556.1,1.40092085814644e-07,-0.315906141342887,0.989,0.971,0.00244993039672649,1,ENSG00000154556
ERCC-00002.1,3.05250426183522e-07,-0.592329157426631,1,1,0.00533821945309744,1,ERCC-00002
ERCC-00043.1,4.1948101729165e-07,-0.456426973440837,1,0.997,0.00733588403039637,1,ERCC-00043
ERCC-00112.1,5.28788743601705e-07,-0.257652484458052,0.874,0.931,0.00924745754810662,1,ERCC-00112
ERCC-00042.1,3.99734820625095e-06,-0.399563368066253,1,0.999,0.0699056254309166,1,ERCC-00042
ERCC-00113.1,6.24686421352641e-06,-0.525334367496023,1,1,0.10924516136615,1,ERCC-00113
ERCC-00130.1,9.02028699721119e-05,-0.525260229725204,1,1,1,1,ERCC-00130
ERCC-00003.1,0.00138275682130209,-0.47023269245717,1,1,1,1,ERCC-00003
ENSG00000189306,0.00166524392191223,0.332356594916699,0.947,0.862,1,1,ENSG00000189306
ERCC-00004.1,0.00205083388843946,-0.499193585607243,1,1,1,1,ERCC-00004
ERCC-00136.1,0.00218066971891236,-0.486271503846305,1,1,1,1,ERCC-00136
ERCC-00145.1,0.00643384861800973,-0.349183519265548,1,1,1,1,ERCC-00145
ERCC-00046.1,0.00662612039325975,-0.471637682689148,1,1,1,1,ERCC-00046
ENSG00000164265.1,3.43369433121811e-50,0.472288773053002,1,0.368,6.00484464643424e-46,2,ENSG00000164265
ENSG00000185885,4.7730195374914e-47,0.526546166570523,1,1,8.34705656716496e-43,2,ENSG00000185885
ENSG00000112695,2.37488822042482e-44,0.314780275464677,1,1,4.15320451987893e-40,2,ENSG00000112695
ENSG00000114023,1.09791603469497e-43,0.530283482858158,1,1,1.92003556147456e-39,2,ENSG00000114023
ENSG00000166426.1,1.79866533331804e-42,0.542214981039058,1,0.999,3.14550593490658e-38,2,ENSG00000166426
ENSG00000134333,2.49169366724309e-42,0.441857388419524,1,1,4.35747388527472e-38,2,ENSG00000134333
ENSG00000184674.1,2.63434899160639e-42,0.464034605668265,0.989,0.546,4.60694951652125e-38,2,ENSG00000184674
ENSG00000102144,3.47186847830672e-42,0.449906334478344,1,1,6.0716035948628e-38,2,ENSG00000102144
ENSG00000136810,6.39456173079006e-40,0.255374455255842,1,1,1.11828095548057e-35,2,ENSG00000136810
ENSG00000166347,2.35169797860829e-39,0.385117517405452,1,1,4.11264942499018e-35,2,ENSG00000166347
ENSG00000131143,4.70495404564031e-39,0.254092353101191,1,1,8.22802363501577e-35,2,ENSG00000131143
ENSG00000163191,5.68812377445611e-39,0.424345541335742,1,1,9.94739085676884e-35,2,ENSG00000163191
ENSG00000106153.2,2.74257426770874e-38,0.676885514572948,1,0.616,4.79621387936904e-34,2,ENSG00000106153
ENSG00000167863,3.09608035690705e-37,0.311634769252775,1,1,5.41442532815905e-33,2,ENSG00000167863
ENSG00000143771,3.96329098320146e-36,0.329986358786148,1,1,6.93100327142271e-32,2,ENSG00000143771
ENSG00000116161,1.18624751509848e-35,0.306458676903152,1,1,2.07450965440423e-31,2,ENSG00000116161
ENSG00000196683,1.47228606813438e-35,0.283481131882056,1,1,2.57473387595341e-31,2,ENSG00000196683
ENSG00000163041,3.13764552719645e-35,0.288272287897116,1,1,5.48711449796115e-31,2,ENSG00000163041
ENSG00000112972.1,6.66244054583403e-35,-0.405666286460879,1,1,1.16512760265546e-30,2,ENSG00000112972
ENSG00000135940,1.75352367848548e-34,0.252280984385369,1,1,3.0665622089354e-30,2,ENSG00000135940
ENSG00000198865.1,1.11180919636441e-33,-0.688861557228674,0.021,0.759,1.94433192260209e-29,2,ENSG00000198865
ENSG00000163032.1,2.1122181235158e-33,0.386958202726258,1,0.99,3.69384705440443e-29,2,ENSG00000163032
ENSG00000176171,2.22354275509695e-33,0.416028994682256,0.915,0.535,3.88853157011354e-29,2,ENSG00000176171
ENSG00000128052,9.03175259755388e-33,0.25746807904265,0.957,0.566,1.57947289426022e-28,2,ENSG00000128052
ENSG00000106591,3.86901888558768e-32,0.268980944044169,1,1,6.76614022711574e-28,2,ENSG00000106591
ENSG00000179059.1,4.26245182478913e-32,-0.396835429675867,0.989,0.999,7.45417575119123e-28,2,ENSG00000179059
ENSG00000120675,1.28322228340962e-31,0.305733519607004,1,1,2.24409912922674e-27,2,ENSG00000120675
ENSG00000138495,6.54204801801368e-31,0.293178605960311,1,1,1.14407335739023e-26,2,ENSG00000138495
ENSG00000120333.1,7.49174946387348e-31,0.338949615000558,1,0.999,1.31015714624219e-26,2,ENSG00000120333
ENSG00000108424,2.73369060152816e-30,-0.252487388639796,1,1,4.78067812395245e-26,2,ENSG00000108424
ENSG00000026025.2,2.14117666780872e-29,-0.536696556948755,0.862,0.968,3.74448975666389e-25,2,ENSG00000026025
ENSG00000132507.1,2.5026875756529e-29,-0.607178749102715,1,1,4.37670003230179e-25,2,ENSG00000132507
ENSG00000163382,3.48773781524566e-29,0.355783841945082,1,0.983,6.09935589130161e-25,2,ENSG00000163382
ENSG00000100632,5.86839756831873e-29,-0.28228275596564,1,1,1.02626536674758e-24,2,ENSG00000100632
ENSG00000240972.1,6.79580966529462e-29,0.32550576361286,1,1,1.18845119426672e-24,2,ENSG00000240972
ENSG00000165323,1.2668822321381e-28,0.282098627318153,0.968,0.688,2.21552364756311e-24,2,ENSG00000165323
ENSG00000197747,2.61829583121082e-28,0.344859181708579,1,0.928,4.57887574962148e-24,2,ENSG00000197747
ENSG00000136628,3.8212613671995e-28,0.274717031320934,1,1,6.68262187895848e-24,2,ENSG00000136628
ENSG00000117519,2.04552192533931e-27,-0.348077965368519,0.989,1,3.57720874303338e-23,2,ENSG00000117519
ENSG00000159167,6.93435904980942e-27,0.425014726151035,0.989,0.886,1.21268071063067e-22,2,ENSG00000159167
ENSG00000145247,8.62142968954888e-26,0.266477340985422,1,1,1.50771562410831e-21,2,ENSG00000145247
ENSG00000198830,2.68009516148525e-25,-0.293332291967058,1,1,4.6869504184054e-21,2,ENSG00000198830
ENSG00000158864,1.6448302289637e-24,0.282908171011746,1,0.999,2.87647910441173e-20,2,ENSG00000158864
ENSG00000143183.1,2.3495284971587e-23,0.269397306335156,1,1,4.10885543583113e-19,2,ENSG00000143183
ENSG00000130726,4.69934243840016e-23,-0.298440534376866,1,1,8.21821005627421e-19,2,ENSG00000130726
ENSG00000117724,1.26259316753295e-22,0.281948391149828,1,1,2.20802293138163e-18,2,ENSG00000117724
ENSG00000120437.2,3.21921415794979e-21,-0.326589590676243,1,1,5.62976171942258e-17,2,ENSG00000120437
ENSG00000124588,6.88827993531212e-21,0.254839459254382,1,0.96,1.20462239508738e-16,2,ENSG00000124588
ENSG00000107438,2.11993341024691e-20,0.271108731048282,1,0.965,3.70733954783979e-16,2,ENSG00000107438
ENSG00000114867,2.21716750401429e-20,-0.252499735015653,1,1,3.87738253102018e-16,2,ENSG00000114867
ENSG00000143320.1,4.40851214571108e-20,0.288374007360663,0.989,0.924,7.70960604041954e-16,2,ENSG00000143320
ENSG00000064393,5.03355630679989e-20,-0.271062381835973,0.989,0.989,8.80268326933165e-16,2,ENSG00000064393
ENSG00000197728.1,5.53445279299903e-20,-0.31221801895294,0.968,0.988,9.67865104439671e-16,2,ENSG00000197728
ENSG00000148926,1.10582941694096e-19,-0.253789271191781,0.904,0.961,1.93387448434634e-15,2,ENSG00000148926
ENSG00000189067,1.892023098802e-19,-0.31178608609568,0.989,1,3.30876999518493e-15,2,ENSG00000189067
ENSG00000139364.1,2.5004545832364e-19,0.265493184727245,1,0.964,4.37279497516381e-15,2,ENSG00000139364
ENSG00000115758.1,5.06571348405642e-19,-0.27209928754369,1,1,8.85891974091787e-15,2,ENSG00000115758
ENSG00000077782,5.39513656312952e-19,-0.250424576844769,1,1,9.4350148216009e-15,2,ENSG00000077782
ENSG00000183513.1,1.31851549041404e-18,0.487095164324332,1,0.997,2.30581988963607e-14,2,ENSG00000183513
ENSG00000130164,1.94625788337657e-18,-0.256259389349869,0.989,0.994,3.40361578644894e-14,2,ENSG00000130164
ENSG00000131711,2.22120531000102e-18,-0.263290230880007,1,1,3.88444384612979e-14,2,ENSG00000131711
ENSG00000102317.1,1.86614432270313e-17,-0.287280935322788,1,0.989,3.26351319154323e-13,2,ENSG00000102317
ENSG00000185088.1,1.34645467662436e-16,0.294154372264605,1,1,2.35467993848068e-12,2,ENSG00000185088
ENSG00000174721.1,9.31590562220888e-16,-0.275890606449428,1,1,1.62916557521189e-11,2,ENSG00000174721
ENSG00000142871,1.74731462794161e-14,-0.254735294431376,0.872,0.947,3.05570382134428e-10,2,ENSG00000142871
ENSG00000256618.1,3.63404249437826e-14,-0.647915130214773,0.989,0.994,6.3552135141687e-10,2,ENSG00000256618
ENSG00000125148.2,1.09447405133077e-09,-0.438591907951374,0.181,0.481,1.91401622096725e-05,2,ENSG00000125148
ENSG00000256045.1,2.13855865620815e-09,-0.291528158875368,0.979,0.981,3.73991137797681e-05,2,ENSG00000256045
ENSG00000110713,0.00140608016519821,-0.25627798749916,1,0.989,1,2,ENSG00000110713
ERCC-00002.2,0.0031609096376225,-0.330856604943892,1,1,1,2,ERCC-00002
ENSG00000187193.1,0.00392027838495698,-0.250009015502732,0.947,0.911,1,2,ENSG00000187193
ENSG00000154556.2,4.77845786860171e-48,0.74088495687561,1,0.97,8.35656712061067e-44,3,ENSG00000154556
ENSG00000185630,1.01986072403792e-42,0.438702834814142,1,1,1.78353243419752e-38,3,ENSG00000185630
ENSG00000154380.1,3.7339400933193e-41,0.375606577940571,1,1,6.5299144351968e-37,3,ENSG00000154380
ENSG00000121207,9.20407419270511e-41,0.531277356288945,1,0.954,1.60960849482027e-36,3,ENSG00000121207
ENSG00000136014.1,1.46930511788079e-38,0.3254046372415,1,1,2.56952079014993e-34,3,ENSG00000136014
ENSG00000123636,3.80284993049837e-38,0.420579947672751,1,0.996,6.65042395845554e-34,3,ENSG00000123636
ENSG00000163666,4.21675206435928e-38,0.394779927576764,1,1,7.37425601015151e-34,3,ENSG00000163666
ENSG00000106341,2.07017120216131e-37,0.33185412102565,0.989,0.705,3.62031539833969e-33,3,ENSG00000106341
ENSG00000138161,6.5509827775944e-37,0.373050956756521,0.989,0.785,1.14563586814571e-32,3,ENSG00000138161
ENSG00000064042,7.66341351433141e-37,0.257413820435563,0.957,0.371,1.34017775538628e-32,3,ENSG00000064042
ENSG00000094916,1.72255479416538e-34,0.30615855588852,1,1,3.01240382403642e-30,3,ENSG00000094916
ENSG00000117724.1,3.28261812929064e-34,0.353180782209803,1,1,5.74064258450347e-30,3,ENSG00000117724
ENSG00000198865.2,2.93330123536545e-32,-0.684072424759975,0.054,0.753,5.1297572004071e-28,3,ENSG00000198865
ENSG00000134369.1,4.4789073103694e-32,0.357646226388231,1,0.986,7.832713104374e-28,3,ENSG00000134369
ENSG00000132507.2,7.6920103790161e-32,-0.633021160587128,1,1,1.34517877508234e-27,3,ENSG00000132507
ENSG00000170561.1,5.10047951677094e-31,0.342036874776533,0.989,0.604,8.91971857892902e-27,3,ENSG00000170561
ENSG00000143799,1.43661499646315e-30,0.274002009020398,1,1,2.51235230581476e-26,3,ENSG00000143799
ENSG00000162769,2.58990219728071e-30,0.345708595802186,1,0.999,4.5292209626045e-26,3,ENSG00000162769
ENSG00000078018,5.47469710021946e-30,0.302591011976247,0.989,0.837,9.5741502888638e-26,3,ENSG00000078018
ENSG00000167526,1.8880864201576e-29,-0.441891921748334,1,1,3.30188553157162e-25,3,ENSG00000167526
ENSG00000121644,5.2305665889053e-29,0.293188957204535,1,0.999,9.14721485067759e-25,3,ENSG00000121644
ENSG00000187193.2,6.16717985509771e-29,-0.509773670314297,0.699,0.943,1.07851641305949e-24,3,ENSG00000187193
ENSG00000102024,7.74236609614585e-29,0.306580392812786,1,0.999,1.35398498289399e-24,3,ENSG00000102024
ENSG00000060749,6.76583609699163e-28,0.258205115325068,1,1,1.1832094166419e-23,3,ENSG00000060749
ENSG00000152061,9.80835231335303e-28,0.311866747413572,1,0.992,1.71528465255918e-23,3,ENSG00000152061
ENSG00000099817,1.50673379439704e-27,-0.404897388706848,0.978,0.997,2.63497605964155e-23,3,ENSG00000099817
ENSG00000171314,2.22980079641848e-27,-0.330132422900569,1,0.997,3.89947563277664e-23,3,ENSG00000171314
ENSG00000121769,5.59112585629843e-27,0.290168996361015,0.978,0.9,9.7777608974947e-23,3,ENSG00000121769
ENSG00000043355.1,7.33722928650168e-27,0.301247230072497,1,1,1.28313465762341e-22,3,ENSG00000043355
ENSG00000149948,1.2535712335555e-26,0.282864236452058,1,0.999,2.19224537324185e-22,3,ENSG00000149948
ENSG00000140988,4.54712559029583e-26,-0.364143873005428,1,1,7.95201323230935e-22,3,ENSG00000140988
ENSG00000185201.1,6.12721660595691e-26,-0.354631952919833,0.957,0.982,1.07152764004974e-21,3,ENSG00000185201
ENSG00000158716,1.37356447554371e-25,-0.255725798443448,0.366,0.835,2.40208955483084e-21,3,ENSG00000158716
ENSG00000180730.1,2.30323520476867e-25,0.28433182655737,1,0.968,4.02789772609945e-21,3,ENSG00000180730
ENSG00000143776,3.86925998437034e-25,0.255135038844938,1,0.961,6.76656186066685e-21,3,ENSG00000143776
ENSG00000126457,5.84376285473455e-25,-0.347616451967789,1,1,1.02195724803598e-20,3,ENSG00000126457
ENSG00000135778,6.66480094524897e-25,0.270939676718125,1,0.99,1.16554038930514e-20,3,ENSG00000135778
ENSG00000160710,1.02201631059665e-24,0.275579626117502,1,1,1.78730212397143e-20,3,ENSG00000160710
ENSG00000143494,1.78228218209842e-24,0.29399234490821,1,1,3.11685508005372e-20,3,ENSG00000143494
ENSG00000185088.2,2.63233804315381e-24,0.356986011247397,1,1,4.60343276986738e-20,3,ENSG00000185088
ENSG00000168264,3.4508241401387e-24,0.277872176533985,1,0.94,6.03480125627456e-20,3,ENSG00000168264
ENSG00000169905,4.31244158052975e-24,0.262451714390169,1,0.982,7.54159783603043e-20,3,ENSG00000169905
ENSG00000177200,7.57340010648095e-24,0.288579691977847,1,0.999,1.32443621062139e-19,3,ENSG00000177200
ENSG00000139800,9.37946180101976e-24,0.276751780433052,1,0.997,1.64028027976234e-19,3,ENSG00000139800
ENSG00000152904,1.30480854727914e-23,0.289476182476529,0.989,0.945,2.28184918748177e-19,3,ENSG00000152904
ENSG00000116667,1.31414153398699e-23,0.266787513521683,1,0.92,2.29817071463645e-19,3,ENSG00000116667
ENSG00000143190,1.71522700050449e-23,0.293714255500814,1,0.997,2.99958897848225e-19,3,ENSG00000143190
ENSG00000198888,1.80236571763733e-23,0.308328915067189,1,1,3.15197716700416e-19,3,ENSG00000198888
ENSG00000170889,2.67060084075505e-23,-0.267325254274817,1,1,4.67034675031243e-19,3,ENSG00000170889
ENSG00000189159,2.81887924390081e-23,-0.25588944579615,1,0.999,4.92965602173374e-19,3,ENSG00000189159
ENSG00000134755,5.4376780240553e-23,0.255783373491169,1,0.971,9.5094113284679e-19,3,ENSG00000134755
ENSG00000125835,6.54283740271032e-23,-0.32987210246281,1,1,1.14421140498598e-18,3,ENSG00000125835
ENSG00000160213,1.1215433171279e-22,-0.299638886619839,1,1,1.96135495299327e-18,3,ENSG00000160213
ENSG00000240972.2,7.80826624230281e-22,-0.350883572688487,1,1,1.36550960045392e-17,3,ENSG00000240972
ENSG00000106070,1.10552761797671e-21,0.256042407994181,1,0.965,1.93334669831767e-17,3,ENSG00000106070
ENSG00000008311,1.63230020172693e-21,-0.344861765607225,0.978,0.999,2.85456659278006e-17,3,ENSG00000008311
ENSG00000067225,8.96517607630098e-21,-0.312892671354961,1,0.999,1.56782999222352e-16,3,ENSG00000067225
ENSG00000170017,9.30850084225683e-21,0.253264342801582,1,0.877,1.62787062729387e-16,3,ENSG00000170017
ENSG00000147162,1.98035012419672e-20,0.254167897544718,1,0.981,3.46323629719522e-16,3,ENSG00000147162
ENSG00000142089,2.04699234279368e-20,-0.251558875117714,1,1,3.57978020907759e-16,3,ENSG00000142089
ENSG00000138035.1,2.72634514475019e-20,0.302877493377296,1,0.99,4.76783238913912e-16,3,ENSG00000138035
ENSG00000172270.1,6.53211698810748e-20,-0.355845514777004,1,1,1.14233661888024e-15,3,ENSG00000172270
ENSG00000115268,2.17896643364492e-19,-0.25099866210805,1,1,3.81057649915823e-15,3,ENSG00000115268
ENSG00000136110,2.50283365749514e-19,0.254113549132976,1,0.958,4.3769555002275e-15,3,ENSG00000136110
ENSG00000170312,3.80242407479452e-19,0.262999146194773,1,1,6.64967922200067e-15,3,ENSG00000170312
ENSG00000176597,5.63890215709225e-19,0.254290747542779,0.978,0.852,9.86131209232293e-15,3,ENSG00000176597
ENSG00000102309.1,1.93843403963433e-18,-0.284331775878317,0.925,0.982,3.38993344851251e-14,3,ENSG00000102309
ENSG00000177971,2.36176048206929e-18,-0.265327283746703,0.989,0.992,4.13024673104277e-14,3,ENSG00000177971
ENSG00000187840,2.8568590955696e-18,-0.267024799887388,1,0.997,4.99607518633212e-14,3,ENSG00000187840
ENSG00000108518.1,1.30892664813099e-17,-0.383515970456555,1,1,2.28905092225148e-13,3,ENSG00000108518
ENSG00000105404,6.75339990344712e-17,-0.280810961222617,0.946,0.993,1.18103457511483e-12,3,ENSG00000105404
ENSG00000184110.2,2.03384082053048e-16,-0.311755161496563,0.935,0.978,3.55678082694371e-12,3,ENSG00000184110
ENSG00000042753,2.88900117968452e-16,-0.270854479602886,0.978,0.994,5.05228526303229e-12,3,ENSG00000042753
ENSG00000166426.2,7.60419019046161e-16,0.269772886324938,1,0.999,1.32982078050793e-11,3,ENSG00000166426
ENSG00000106538,7.63333049912329e-16,-0.258884128819522,0.978,0.997,1.33491683768668e-11,3,ENSG00000106538
ENSG00000118523,9.34817601325168e-16,-0.275197704995831,0.828,0.928,1.63480902119745e-11,3,ENSG00000118523
ENSG00000233927,1.17264642794203e-15,-0.320350371101815,0.989,0.996,2.05072407318502e-11,3,ENSG00000233927
ENSG00000166165.1,1.56019884100313e-15,-0.256868858969732,0.914,0.975,2.72847573314627e-11,3,ENSG00000166165
ENSG00000197728.2,2.65331192557849e-15,-0.278389690612901,0.978,0.986,4.64011189545167e-11,3,ENSG00000197728
ENSG00000106153.3,1.66842755926549e-14,0.405620608972776,1,0.616,2.91774611564349e-10,3,ENSG00000106153
ENSG00000178741,3.33872467811775e-14,-0.250837872360845,1,0.996,5.83876171709233e-10,3,ENSG00000178741
ENSG00000167996,6.86666571353179e-14,-0.368296282162273,1,1,1.20084249998244e-09,3,ENSG00000167996
ENSG00000105640.1,2.0962575167246e-10,-0.280089006160915,0.989,1,3.66593514524798e-06,3,ENSG00000105640
ENSG00000256618.2,5.75953737023623e-10,-0.55075907651397,0.989,0.994,1.00722789530691e-05,3,ENSG00000256618
ENSG00000026025.3,1.96002242139115e-07,-0.295806136862949,0.978,0.953,0.00342768721052885,3,ENSG00000026025
ENSG00000131969.1,6.63070260651769e-07,-0.284440566001288,0.871,0.863,0.0115957727182781,3,ENSG00000131969
ENSG00000169715.2,6.37378267048908e-06,-0.252843491667629,0.011,0.201,0.111464711341513,3,ENSG00000169715
ERCC-00002.3,0.00112609073095924,-0.294782466379166,1,1,1,3,ERCC-00002
ENSG00000014641,2.59147506133821e-45,-0.431925711663362,1,1,4.53197158726827e-41,4,ENSG00000014641
ENSG00000104332.1,3.24894619392218e-44,0.444574255836732,1,1,5.68175710393111e-40,4,ENSG00000104332
ENSG00000135549,2.0722702157693e-43,0.350719313188031,0.935,0.258,3.62398615333735e-39,4,ENSG00000135549
ENSG00000022556.1,8.13366962281121e-43,0.647254424344644,1,0.701,1.42241614363722e-38,4,ENSG00000022556
ENSG00000145423,1.16982031831715e-41,0.490814328204896,1,1,2.04578177267303e-37,4,ENSG00000145423
ENSG00000185885.1,1.49901170207927e-41,-0.66039997251768,1,1,2.62147166459623e-37,4,ENSG00000185885
ENSG00000167088,2.27137914139737e-40,-0.276669764309167,1,1,3.97218784247572e-36,4,ENSG00000167088
ENSG00000088305,8.46836221033129e-40,0.369658891081709,1,1,1.48094718334274e-35,4,ENSG00000088305
ENSG00000113558,7.49051082433151e-39,-0.29409939387991,1,1,1.30994053295909e-34,4,ENSG00000113558
ENSG00000256618.3,3.0363844925328e-38,0.907191495601669,1,0.993,5.31002920054137e-34,4,ENSG00000256618
ENSG00000104341.1,3.05705233221011e-37,0.426063051418866,1,1,5.34617311856905e-33,4,ENSG00000104341
ENSG00000112695.1,4.02851236132286e-37,-0.318172177685907,1,1,7.04506241748142e-33,4,ENSG00000112695
ENSG00000138495.1,2.72811300141699e-36,-0.425523518626789,1,1,4.77092401687804e-32,4,ENSG00000138495
ENSG00000127922,2.89457863080851e-36,-0.263621745491659,1,1,5.06203910955793e-32,4,ENSG00000127922
ENSG00000165672,1.363630674264e-35,-0.334689450024739,1,1,2.38471732315289e-31,4,ENSG00000165672
ENSG00000149100,1.65460328323333e-35,-0.317213738367172,1,1,2.89357022171844e-31,4,ENSG00000149100
ENSG00000111669,2.50649000423928e-35,-0.280409043968872,1,1,4.38334971941365e-31,4,ENSG00000111669
ENSG00000008018,4.87170287701498e-35,-0.293514163255135,1,1,8.5196339913238e-31,4,ENSG00000008018
ENSG00000113758,6.00227921575863e-35,0.471593162961161,1,0.978,1.04967858925187e-30,4,ENSG00000113758
ENSG00000163191.1,9.09614649743476e-34,-0.499120413978478,1,1,1.59073409947139e-29,4,ENSG00000163191
ENSG00000167283,1.65408977495545e-33,-0.264113210260881,1,1,2.89267219844209e-29,4,ENSG00000167283
ENSG00000116030,1.76078374221709e-33,-0.304883371780798,1,1,3.07925860838924e-29,4,ENSG00000116030
ENSG00000100804,7.17670410003722e-33,-0.253729788335892,1,1,1.25506201301451e-28,4,ENSG00000100804
ENSG00000164611,8.23706087055464e-33,-0.329345076552722,1,1,1.4404972050426e-28,4,ENSG00000164611
ENSG00000179218,9.58648907434762e-33,0.475432433219272,1,1,1.67648520932191e-28,4,ENSG00000179218
ENSG00000117632,1.29060891503865e-32,-0.259549359557117,1,1,2.25701687061959e-28,4,ENSG00000117632
ENSG00000168653,1.44362962346943e-32,-0.301548332597264,1,1,2.52461948552335e-28,4,ENSG00000168653
ENSG00000136810.1,1.46808666784682e-32,-0.268451021147652,1,1,2.56738996473052e-28,4,ENSG00000136810
ENSG00000197694,1.52237574062445e-32,0.387254464125927,1,0.961,2.66233069520404e-28,4,ENSG00000197694
ENSG00000072110,4.84172171905066e-32,0.296872445975878,1,1,8.4672029422758e-28,4,ENSG00000072110
ENSG00000142507,1.16106258401498e-31,-0.280807427430636,1,1,2.03046624692539e-27,4,ENSG00000142507
ENSG00000100902,1.3928187387998e-31,-0.333030453405541,1,1,2.4357614104131e-27,4,ENSG00000100902
ENSG00000142168,3.09008191877986e-31,-0.265387308215776,1,1,5.40393525956222e-27,4,ENSG00000142168
ENSG00000136897,5.19555776145798e-31,-0.318356263286568,1,1,9.08599141323772e-27,4,ENSG00000136897
ENSG00000152661,5.3102509373829e-31,0.369177472155292,1,1,9.28656683929521e-27,4,ENSG00000152661
ENSG00000188612,6.56891755502009e-31,-0.251403777115014,1,1,1.14877230202191e-26,4,ENSG00000188612
ENSG00000065518,7.63037729961888e-31,-0.322674463067492,1,1,1.33440038215735e-26,4,ENSG00000065518
ENSG00000099194,1.10732669172976e-30,0.328764131297388,1,1,1.936492918497e-26,4,ENSG00000099194
ENSG00000205542,1.74580644285649e-30,-0.27948354482202,1,1,3.05306630726743e-26,4,ENSG00000205542
ENSG00000116459,3.33655233769057e-30,-0.302415960292362,1,1,5.83496272815327e-26,4,ENSG00000116459
ENSG00000169139,3.92112460236709e-30,-0.318005058080086,1,1,6.85726270461957e-26,4,ENSG00000169139
ENSG00000167600,1.3720680098863e-29,0.383175821872828,1,1,2.39947253568916e-25,4,ENSG00000167600
ENSG00000167978,1.38676522950645e-29,0.352525190853199,1,1,2.42517503336088e-25,4,ENSG00000167978
ENSG00000120533,1.57159829832635e-29,-0.275416315698732,1,1,2.74841110411311e-25,4,ENSG00000120533
ENSG00000116288,2.78130807057256e-29,-0.269421518279589,1,1,4.8639515538173e-25,4,ENSG00000116288
ENSG00000110917,3.14157675547938e-29,0.361869118794974,1,1,5.49398942998234e-25,4,ENSG00000110917
ENSG00000230989,1.07770125971547e-28,-0.266335770764368,1,1,1.88468396299041e-24,4,ENSG00000230989
ENSG00000100749,2.17138924248026e-28,-0.320137057213448,0.978,0.999,3.79732550724947e-24,4,ENSG00000100749
ENSG00000141736,4.61367086919277e-28,0.387221871611118,1,1,8.06838761604431e-24,4,ENSG00000141736
ENSG00000135940.1,4.9607078211259e-28,-0.258703855377944,1,1,8.67528583758498e-24,4,ENSG00000135940
ENSG00000076716,5.41706467037309e-28,0.40238997776398,1,0.996,9.47336269554847e-24,4,ENSG00000076716
ENSG00000166803,5.82399875307165e-28,-0.343469899145243,1,1,1.01850090193717e-23,4,ENSG00000166803
ENSG00000101132,1.37022173359257e-27,-0.255132087944667,1,1,2.39624376770669e-23,4,ENSG00000101132
ENSG00000146386,1.47234355029035e-27,-0.281206964622366,1,1,2.57483440074777e-23,4,ENSG00000146386
ENSG00000143418,1.53404016679261e-27,0.355615615755434,1,0.994,2.68272944368692e-23,4,ENSG00000143418
ENSG00000165629,1.70850498356408e-27,-0.263958276343205,1,1,2.98783351525686e-23,4,ENSG00000165629
ENSG00000111752.1,1.71728622085658e-27,0.327542201338326,1,0.997,3.00319014303399e-23,4,ENSG00000111752
ENSG00000188846,2.10777040951103e-27,-0.320285056552279,1,1,3.68606889215288e-23,4,ENSG00000188846
ENSG00000154518,3.27888078363982e-27,-0.265188154904881,1,1,5.73410671442932e-23,4,ENSG00000154518
ENSG00000126067,5.06660944766094e-27,-0.273591977223594,1,1,8.86048660206946e-23,4,ENSG00000126067
ENSG00000106554,6.8695866019742e-27,-0.270281950168831,1,1,1.20135330495325e-22,4,ENSG00000106554
ENSG00000115306,8.20159447404469e-27,0.343722091823129,1,1,1.43429484162094e-22,4,ENSG00000115306
ENSG00000156467,9.44907993742577e-27,-0.251222644347719,1,1,1.65245509945702e-22,4,ENSG00000156467
ENSG00000131174,2.14726607503656e-26,-0.254459365886312,1,1,3.75513891202394e-22,4,ENSG00000131174
ENSG00000143742,4.90010397661053e-26,-0.322039737868999,1,1,8.5693018342965e-22,4,ENSG00000143742
ENSG00000206557,5.549732535476e-26,0.310090289342556,1,1,9.70537225804043e-22,4,ENSG00000206557
ENSG00000118418,6.30026993390389e-26,-0.264569067307702,1,1,1.10179120604111e-21,4,ENSG00000118418
ENSG00000100567,9.20987280200758e-26,-0.252247069697273,1,1,1.61062255561509e-21,4,ENSG00000100567
ENSG00000103035,9.62977488987054e-26,-0.283141639303444,1,1,1.68405503274056e-21,4,ENSG00000103035
ENSG00000169567,1.70805091780718e-25,-0.278253700907911,1,1,2.9870394450612e-21,4,ENSG00000169567
ENSG00000145247.1,2.23354770558919e-25,-0.29566000817973,1,1,3.90602822753438e-21,4,ENSG00000145247
ENSG00000164258,4.29705732386471e-25,-0.289483790201195,0.989,1,7.5146938479746e-21,4,ENSG00000164258
ENSG00000168291,4.78454107882806e-25,-0.266045701829504,1,1,8.36720543865451e-21,4,ENSG00000168291
ENSG00000138413,6.92962746716365e-25,-0.256625807677964,1,1,1.21185325145758e-20,4,ENSG00000138413
ENSG00000143771.1,9.27528655684628e-25,-0.332542313775786,1,1,1.62206211306128e-20,4,ENSG00000143771
ENSG00000151846,9.97486382811466e-25,0.303973562264358,1,0.989,1.74440418626069e-20,4,ENSG00000151846
ENSG00000131876,1.16486188828975e-24,-0.315780220712774,1,1,2.03711047024112e-20,4,ENSG00000131876
ENSG00000134057,1.50523048659415e-24,-0.309267325108562,1,1,2.63234707495584e-20,4,ENSG00000134057
ENSG00000092421,2.26230285406819e-24,0.340422692519195,1,1,3.95631523119444e-20,4,ENSG00000092421
ENSG00000140307,2.3007301701598e-24,-0.275108784756069,1,1,4.02351692157546e-20,4,ENSG00000140307
ENSG00000149257,2.76189890726762e-24,0.322504593187223,1,1,4.83000880902962e-20,4,ENSG00000149257
ENSG00000165821,3.60449831073122e-24,0.254396230977144,1,1,6.30354664580676e-20,4,ENSG00000165821
ENSG00000120699,3.81775903944223e-24,-0.270766864778774,1,1,6.67649700817657e-20,4,ENSG00000120699
ENSG00000130203,4.29273364623652e-24,0.359763106456921,1,0.994,7.50713260053843e-20,4,ENSG00000130203
ENSG00000101856,4.41773549063285e-24,0.285857939350873,1,1,7.72573582601874e-20,4,ENSG00000101856
ENSG00000132718,4.83161526855165e-24,0.275461703059245,0.914,0.734,8.44952878164313e-20,4,ENSG00000132718
ENSG00000148834,5.7374556899246e-24,-0.307467200497131,0.796,0.971,1.00336625105401e-19,4,ENSG00000148834
ENSG00000105281,8.28959834498006e-24,0.417831930937587,1,1,1.44968495857011e-19,4,ENSG00000105281
ENSG00000110651,1.09691196856748e-23,0.298763748806232,1,0.994,1.91827965063082e-19,4,ENSG00000110651
ENSG00000111196.1,1.40317086920092e-23,-0.317166941168936,0.968,1,2.45386521605857e-19,4,ENSG00000111196
ENSG00000149948.1,1.91633740999134e-23,0.296180533177713,1,0.999,3.35129086259285e-19,4,ENSG00000149948
ENSG00000136521,1.98063462992604e-23,-0.272782329522663,1,1,3.46373384081465e-19,4,ENSG00000136521
ENSG00000160691.1,2.39115226336256e-23,0.324174382881771,1,0.992,4.18164707816844e-19,4,ENSG00000160691
ENSG00000119888,2.676884023431e-23,0.317704425205779,1,1,4.68133478017614e-19,4,ENSG00000119888
ENSG00000129084,2.68949284545074e-23,-0.263432436430749,1,0.999,4.70338508812426e-19,4,ENSG00000129084
ENSG00000127022,4.18916443905698e-23,0.319842139441006,1,1,7.32601077102285e-19,4,ENSG00000127022
ENSG00000151247,4.77518366885835e-23,-0.258865880430232,0.989,1,8.35084120009948e-19,4,ENSG00000151247
ENSG00000161980,6.88675532275023e-23,-0.284741080876116,0.978,1,1.20435577084256e-18,4,ENSG00000161980
ENSG00000130726.1,8.41157835986574e-23,0.292933421633613,1,1,1.47101682357332e-18,4,ENSG00000130726
ENSG00000179933,8.89381262251832e-23,-0.289540234856519,0.989,1,1.555349951426e-18,4,ENSG00000179933
ENSG00000167815.1,8.93521165558842e-23,-0.268138712529778,1,1,1.5625898143293e-18,4,ENSG00000167815
ENSG00000092068,9.80442161177195e-23,0.322218985350053,1,1,1.71459725146668e-18,4,ENSG00000092068
ENSG00000115540,1.08072487815395e-22,-0.259450981306906,0.978,1,1.88997166691562e-18,4,ENSG00000115540
ENSG00000168090,1.10094714801493e-22,-0.292225346937174,1,1,1.92533637244852e-18,4,ENSG00000168090
ENSG00000118523.1,1.99763413709611e-22,0.367020735737091,0.978,0.909,3.49346257895368e-18,4,ENSG00000118523
ENSG00000044574,2.85991648014555e-22,0.338113763951815,1,1,5.00142194047853e-18,4,ENSG00000044574
ENSG00000110717,3.06364158561892e-22,-0.283330146867026,0.989,0.997,5.35769640493036e-18,4,ENSG00000110717
ENSG00000243716,3.82600315081101e-22,0.339891339758138,1,0.909,6.69091431013829e-18,4,ENSG00000243716
ENSG00000130508,4.3186634939532e-22,0.30253838370256,1,0.997,7.55247871822536e-18,4,ENSG00000130508
ENSG00000114867.1,4.79701731754731e-22,0.274511488727116,1,1,8.38902388492673e-18,4,ENSG00000114867
ENSG00000168275,4.84100008725672e-22,-0.308366229103047,0.968,1,8.46594095259456e-18,4,ENSG00000168275
ENSG00000077782.1,5.91649280618711e-22,0.286614553455872,1,1,1.034676261946e-17,4,ENSG00000077782
ENSG00000108561,6.19214069900073e-22,0.256050520831891,1,1,1.08288156544125e-17,4,ENSG00000108561
ENSG00000184983,7.26080143595958e-22,-0.28635938050059,1,1,1.26976895512061e-17,4,ENSG00000184983
ENSG00000075142,7.5638982949383e-22,-0.259146224347379,1,1,1.32277453381881e-17,4,ENSG00000075142
ENSG00000047410,9.93020116426088e-22,0.267598750744558,1,1,1.73659357960594e-17,4,ENSG00000047410
ENSG00000121207.1,1.16517795804123e-21,0.343837347861244,1,0.954,2.0376632130225e-17,4,ENSG00000121207
ENSG00000169710,1.31448311721582e-21,0.280570696381376,1,1,2.29876807538702e-17,4,ENSG00000169710
ENSG00000166352,1.33348391480202e-21,-0.251661687445219,0.591,0.907,2.33199667020577e-17,4,ENSG00000166352
ENSG00000143153,1.66770383930665e-21,0.292857784205258,0.989,0.954,2.91648047417946e-17,4,ENSG00000143153
ENSG00000105258,1.69221043821136e-21,-0.252194637051558,1,1,2.95933761434403e-17,4,ENSG00000105258
ENSG00000174231,1.95436129519747e-21,0.276639169548885,1,0.994,3.41778703304134e-17,4,ENSG00000174231
ENSG00000119421,2.87500273602971e-21,-0.264740601300051,0.978,0.999,5.02780478476875e-17,4,ENSG00000119421
ENSG00000186480,3.53515660494921e-21,0.271375751159944,0.989,0.953,6.18228187073517e-17,4,ENSG00000186480
ENSG00000078668,4.29856962628998e-21,-0.265405741457568,0.989,1,7.51733856245592e-17,4,ENSG00000078668
ENSG00000174437,7.95517333859398e-21,0.295939834494986,1,0.993,1.39120071345332e-16,4,ENSG00000174437
ENSG00000092010,8.44480248512258e-21,-0.260673694096691,0.946,0.994,1.47682705859824e-16,4,ENSG00000092010
ENSG00000175928,8.63427877539626e-21,0.270150125111344,1,1,1.5099626722413e-16,4,ENSG00000175928
ENSG00000183520,1.12308276049385e-20,-0.260811597403309,0.968,0.999,1.96404713155164e-16,4,ENSG00000183520
ENSG00000123179,1.22634006961486e-20,0.278648141066945,0.978,0.927,2.14462351374248e-16,4,ENSG00000123179
ENSG00000069849,1.3426040753959e-20,0.272973185459511,1,1,2.34794600705235e-16,4,ENSG00000069849
ENSG00000183648,1.92512088319594e-20,-0.253077267104073,1,1,3.36665140053307e-16,4,ENSG00000183648
ENSG00000092964.1,3.83921689393817e-20,0.266436815460184,1,1,6.71402250411907e-16,4,ENSG00000092964
ENSG00000131203,4.51391720587309e-20,-0.261380062929986,0.753,0.963,7.89393840963086e-16,4,ENSG00000131203
ENSG00000127603,4.54861009465594e-20,0.293853762921868,1,1,7.9546093335343e-16,4,ENSG00000127603
ENSG00000134058,6.16103097429496e-20,-0.256198401115634,0.914,0.997,1.0774410967847e-15,4,ENSG00000134058
ENSG00000128567,6.98487303427553e-20,0.264753509907153,1,1,1.2215145962341e-15,4,ENSG00000128567
ENSG00000159164,7.6308243889216e-20,0.277168344949726,0.978,0.988,1.33447856913461e-15,4,ENSG00000159164
ENSG00000116133,9.40685774957128e-20,0.265430402527318,1,1,1.64507128324503e-15,4,ENSG00000116133
ENSG00000156642,1.02700989085284e-19,0.306201905390382,0.968,0.979,1.79603489712346e-15,4,ENSG00000156642
ENSG00000056050,1.05206648774373e-19,-0.273550845498388,0.978,0.997,1.83985387376624e-15,4,ENSG00000056050
ENSG00000147257,1.16121306760831e-19,0.306734618157803,0.978,0.985,2.03072941263342e-15,4,ENSG00000147257
ENSG00000134001,1.22809774665739e-19,-0.253009088473349,1,1,2.14769733935445e-15,4,ENSG00000134001
ENSG00000174197,1.56620028794741e-19,0.264570434140465,0.989,0.967,2.73897106356243e-15,4,ENSG00000174197
ENSG00000077458.1,1.59958786216232e-19,0.301408696692635,1,0.963,2.79735925334947e-15,4,ENSG00000077458
ENSG00000130202,1.81632915785211e-19,0.264208734671133,1,0.954,3.17639643125177e-15,4,ENSG00000130202
ENSG00000181061.1,2.25456959877871e-19,-0.272232997934796,1,1,3.94279131434421e-15,4,ENSG00000181061
ENSG00000158321,2.41363947089723e-19,0.287318764305037,1,1,4.22097270670508e-15,4,ENSG00000158321
ENSG00000198695,3.68349579578878e-19,-0.315945631221684,0.989,0.999,6.44169744767542e-15,4,ENSG00000198695
ENSG00000196628,3.84290253862172e-19,0.30724970596124,1,1,6.72046795954166e-15,4,ENSG00000196628
ENSG00000162878,4.23824672952326e-19,0.279511635755619,0.978,0.891,7.41184588059028e-15,4,ENSG00000162878
ENSG00000139514,5.655507188675e-19,0.258976449378966,1,0.979,9.89035097155484e-15,4,ENSG00000139514
ENSG00000198938,7.78853078011338e-19,0.294213023982428,1,1,1.36205826282623e-14,4,ENSG00000198938
ENSG00000116161.1,8.8333521719995e-19,-0.257600264738993,1,1,1.54477662783927e-14,4,ENSG00000116161
ENSG00000170906.1,1.07099785193572e-18,-0.27182046741515,1,1,1.87296104346519e-14,4,ENSG00000170906
ENSG00000166598,1.07548697039502e-18,0.254937288313667,1,1,1.88081161382681e-14,4,ENSG00000166598
ENSG00000082153,1.31977765448878e-18,-0.266178606234777,1,1,2.30802716216998e-14,4,ENSG00000082153
ENSG00000165349.1,1.37013188112133e-18,0.296133204010711,1,0.985,2.39608663370498e-14,4,ENSG00000165349
ENSG00000158470,1.85678215906879e-18,0.313249389896243,0.989,1,3.2471406397795e-14,4,ENSG00000158470
ENSG00000101115,2.84505849822443e-18,0.259726775854019,1,0.993,4.97543830169488e-14,4,ENSG00000101115
ENSG00000155380,2.84508276937301e-18,0.256725162404259,1,1,4.97548074707952e-14,4,ENSG00000155380
ENSG00000170561.2,3.64518924233877e-18,-0.257941000820885,0.247,0.699,6.37470694700204e-14,4,ENSG00000170561
ENSG00000168003,6.66111950124367e-18,0.32443727560497,1,0.999,1.16489657837749e-13,4,ENSG00000168003
ENSG00000151914,1.27748718468623e-17,0.264420500329475,1,0.997,2.23406958857928e-13,4,ENSG00000151914
ENSG00000174721.2,1.63509964932517e-17,0.298122621682864,1,1,2.85946226673985e-13,4,ENSG00000174721
ENSG00000162194.2,1.65838023253606e-17,-0.257055712082224,1,0.999,2.90017535065906e-13,4,ENSG00000162194
ENSG00000198865.3,2.70483900329812e-17,0.358588111536363,1,0.632,4.73022244896774e-13,4,ENSG00000198865
ENSG00000130402,2.90703490818316e-17,0.258799030898026,1,0.994,5.08382264743072e-13,4,ENSG00000130402
ENSG00000117906,3.56545617592617e-17,0.268325018231176,1,1,6.23526976045969e-13,4,ENSG00000117906
ENSG00000134369.2,3.5866629888347e-17,0.257521789483705,0.989,0.988,6.27235623487412e-13,4,ENSG00000134369
ENSG00000137288,4.38798849899041e-17,-0.268371923891537,1,1,7.67371428703443e-13,4,ENSG00000137288
ENSG00000140990,4.52112819316935e-17,-0.263131435802013,0.989,0.999,7.90654898421456e-13,4,ENSG00000140990
ENSG00000132688,4.54823435610807e-17,0.252978701061547,1,0.999,7.9539522419618e-13,4,ENSG00000132688
ENSG00000134333.1,4.5663917100697e-17,-0.260987954053282,1,1,7.9857058225699e-13,4,ENSG00000134333
ENSG00000050344,7.70709911254077e-17,0.28194280097609,1,0.971,1.34781749280113e-12,4,ENSG00000050344
ENSG00000104549,2.61143176638786e-16,0.250439123777892,1,1,4.56687187305909e-12,4,ENSG00000104549
ENSG00000187193.3,4.79083513507498e-16,0.250619769495247,1,0.904,8.37821248421912e-12,4,ENSG00000187193
ENSG00000107562,5.09087566263396e-16,0.253922239477762,0.978,0.863,8.90292335881426e-12,4,ENSG00000107562
ENSG00000214756,6.53576004638722e-16,-0.284473939694665,0.957,0.997,1.1429737169122e-11,4,ENSG00000214756
ENSG00000155660,8.86108331259123e-16,0.289175606597798,1,0.997,1.54962624970596e-11,4,ENSG00000155660
ENSG00000164111.1,1.23442051365249e-15,-0.291988608561109,1,1,2.15875459427547e-11,4,ENSG00000164111
ENSG00000163902,1.5916765093615e-15,0.288972195967995,0.978,0.996,2.7835238795714e-11,4,ENSG00000163902
ENSG00000186197,2.0717448147302e-15,0.253132573620913,0.968,0.927,3.62306733200017e-11,4,ENSG00000186197
ENSG00000105699,2.80562460362837e-15,0.270291377759197,0.989,0.971,4.9064763068253e-11,4,ENSG00000105699
ENSG00000008083.1,5.17157847095046e-15,0.261460547739717,1,1,9.04405642999816e-11,4,ENSG00000008083
ENSG00000134824,1.45804335244561e-14,0.255001089006384,0.989,0.997,2.54982621475689e-10,4,ENSG00000134824
ENSG00000026025.4,1.66484069155775e-14,0.292067203802735,0.978,0.953,2.91147340139619e-10,4,ENSG00000026025
ENSG00000117394,3.32669925909563e-14,0.26976210990885,1,1,5.81773166430644e-10,4,ENSG00000117394
ENSG00000108821,4.64137772073078e-14,0.277805386499809,1,0.907,8.11684135801398e-10,4,ENSG00000108821
ENSG00000038427,2.20910694155999e-13,0.260453701346322,1,1,3.86328621940011e-09,4,ENSG00000038427
ENSG00000213465,2.41057885158943e-13,-0.253941684461108,0.946,0.997,4.2156202956596e-09,4,ENSG00000213465
ENSG00000197747.1,2.9092616414108e-13,-0.254493042463469,0.785,0.956,5.08771675849921e-09,4,ENSG00000197747
ENSG00000256045.2,2.06998141272572e-12,0.317160767290073,0.989,0.979,3.61998349457474e-08,4,ENSG00000256045
ENSG00000133316.1,3.0666329743118e-11,-0.260750104169855,1,0.999,5.36292774547647e-07,4,ENSG00000133316
ENSG00000166426.3,5.113104685383e-10,-0.288708852133697,1,0.999,8.94179747379779e-06,4,ENSG00000166426
ENSG00000154556.3,0.000136266650003805,-0.266572529593045,0.957,0.975,1,4,ENSG00000154556
ENSG00000053438,7.49995927253606e-45,0.291735980443394,0.901,0.207,1.31159287758111e-40,5,ENSG00000053438
ENSG00000106153.4,3.95940214504858e-32,-1.1193973897728,0,0.743,6.92420247126095e-28,5,ENSG00000106153
ENSG00000198825.1,1.19017545232765e-30,0.388621054595728,0.989,0.678,2.08137883103059e-26,5,ENSG00000198825
ENSG00000166450,1.20338948463583e-28,0.278697105861994,0.934,0.5,2.10448753073113e-24,5,ENSG00000166450
ENSG00000184674.2,2.55369517098092e-27,-0.351309248372436,0,0.673,4.46590211501143e-23,5,ENSG00000184674
ENSG00000131711.1,2.89037379549953e-27,0.321954886647812,1,1,5.05468569356958e-23,5,ENSG00000131711
ENSG00000244038,6.60712325796315e-27,0.292767065877751,1,1,1.15545371535259e-22,5,ENSG00000244038
ENSG00000092964.2,1.22609450223203e-25,-0.359573919186111,1,1,2.14419406550338e-21,5,ENSG00000092964
ENSG00000164434,2.48557399901612e-25,0.386935194662927,1,0.852,4.34677180947939e-21,5,ENSG00000164434
ENSG00000185201.2,2.76940265325909e-25,0.329967555615057,1,0.977,4.84313136001949e-21,5,ENSG00000185201
ENSG00000167552.1,5.72501569429215e-25,0.2769300702951,1,1,1.00119074461781e-20,5,ENSG00000167552
ENSG00000136110.1,6.87344751557218e-24,-0.332481027339858,0.835,0.979,1.20202850152326e-19,5,ENSG00000136110
ENSG00000143158,8.73443757971431e-24,-0.288769553307922,0.912,0.985,1.52747844394044e-19,5,ENSG00000143158
ENSG00000185088.3,1.01401892128005e-23,-0.513710739956229,1,1,1.77331628953454e-19,5,ENSG00000185088
ENSG00000022556.2,3.40902991605283e-23,-0.472618385009766,0.363,0.782,5.96171151719319e-19,5,ENSG00000022556
ENSG00000175567,1.59501325106853e-21,0.25706274842391,1,0.912,2.78935917346864e-17,5,ENSG00000175567
ENSG00000241186.1,1.82715217640289e-21,-0.261291606350391,1,1,3.19532372609338e-17,5,ENSG00000241186
ENSG00000160213.1,1.48884429129278e-20,0.252353593324293,1,1,2.60369089661282e-16,5,ENSG00000160213
ENSG00000152061.1,2.30273148170303e-19,-0.298321887410872,0.967,0.996,4.02701681520227e-15,5,ENSG00000152061
ENSG00000177954,1.36713697217253e-18,-0.265590982276092,1,1,2.39084913693531e-14,5,ENSG00000177954
ENSG00000120885,1.81936491908949e-18,-0.256033474969915,1,1,3.1817053705037e-14,5,ENSG00000120885
ENSG00000138035.2,2.16035382525163e-18,-0.346350125546113,0.967,0.994,3.77802676960005e-14,5,ENSG00000138035
ENSG00000088305.1,3.57935119883585e-18,-0.260698331498479,1,1,6.25956937652413e-14,5,ENSG00000088305
ENSG00000198865.4,7.12626281558028e-18,0.350210452936959,1,0.633,1.24624084118868e-13,5,ENSG00000198865
ENSG00000077152.2,2.12313402092313e-17,0.255652460473218,1,0.997,3.71293677579037e-13,5,ENSG00000077152
ENSG00000008311.1,1.10292025984184e-16,0.252271529050772,1,0.996,1.92878695041141e-12,5,ENSG00000008311
ENSG00000189067.1,1.30815917547417e-16,0.258698375668805,1,0.999,2.28770876606922e-12,5,ENSG00000189067
ENSG00000143418.1,2.53325673283133e-16,-0.258486078021422,0.967,0.999,4.43015937437544e-12,5,ENSG00000143418
ENSG00000185630.1,3.88924426826849e-16,-0.279565091140505,1,1,6.80151037634794e-12,5,ENSG00000185630
ENSG00000132688.1,7.82403614722348e-16,-0.261283631369488,0.989,1,1.36826744142644e-11,5,ENSG00000132688
ENSG00000110092.2,3.1040022297436e-15,-0.279438832124322,0.912,0.964,5.42827909937561e-11,5,ENSG00000110092
ENSG00000131969.2,4.54377757705329e-14,-0.348158374060025,0.681,0.887,7.9461582267508e-10,5,ENSG00000131969
ENSG00000125148.3,9.79763382643418e-14,-0.453093873268676,0.077,0.493,1.71341020356681e-09,5,ENSG00000125148
ENSG00000141543,3.91962138845433e-12,-0.300331762187038,1,1,6.85463388412894e-08,5,ENSG00000141543
ERCC-00113.2,1.25407508283445e-10,-0.594632311072758,1,1,2.19312650486089e-06,5,ERCC-00113
ENSG00000166426.4,2.00671217529991e-10,-0.293738954108693,1,0.999,3.50933825216448e-06,5,ENSG00000166426
ENSG00000163106.1,2.11704832174348e-10,-0.273274629165693,0.703,0.851,3.702294105065e-06,5,ENSG00000163106
ENSG00000154556.4,2.91469413601678e-10,-0.349463164594751,0.956,0.975,5.09721710506615e-06,5,ENSG00000154556
ERCC-00043.2,1.28827390584453e-09,-0.482978989933473,1,0.997,2.25293340654091e-05,5,ERCC-00043
ERCC-00112.2,7.11980644867109e-09,-0.28927235613232,0.802,0.939,0.00012451117517436,5,ERCC-00112
ERCC-00111.1,2.83187981964133e-08,-0.392662890666319,0.934,0.994,0.000495239142858876,5,ERCC-00111
ERCC-00002.4,3.70690409309309e-08,-0.624396020700963,1,1,0.000648263387800119,5,ERCC-00002
ENSG00000187193.4,7.90138260201084e-08,-0.346774397235554,0.901,0.917,0.00138179378943966,5,ENSG00000187193
ENSG00000169715.3,2.67350528780187e-06,-0.253546483784584,0,0.202,0.0467542604730791,5,ENSG00000169715
ERCC-00003.2,5.33043010475502e-06,-0.499521300061427,1,1,0.0932185616719558,5,ERCC-00003
ERCC-00096.2,7.03059081761598e-06,-0.575218176520301,1,1,0.122950972218468,5,ERCC-00096
ERCC-00145.2,1.77472806060586e-05,-0.423243102320482,1,1,0.310364443238752,5,ERCC-00145
ERCC-00060.2,2.12893943729642e-05,-0.287233550879074,0.956,0.972,0.372308928794398,5,ERCC-00060
ERCC-00130.2,4.58983756557069e-05,-0.540091072786533,1,1,0.802670793467002,5,ERCC-00130
ERCC-00108.1,0.000475838076695555,-0.418032347617299,1,1,1,5,ERCC-00108
ERCC-00042.2,0.00133363416644755,-0.339932515786213,1,0.999,1,5,ERCC-00042
ENSG00000256618.4,0.00217657133277163,-0.370347326901574,0.989,0.994,1,5,ENSG00000256618
ENSG00000177105,0.00337803662278255,-0.348412720327095,0.615,0.728,1,5,ENSG00000177105
ERCC-00136.2,0.00577087982568864,-0.469076571154171,1,1,1,5,ERCC-00136
ENSG00000053438.1,1.29563732466852e-60,0.377787275182661,1,0.197,2.26581055338031e-56,6,ENSG00000053438
ENSG00000117318.1,1.01009992700136e-50,0.646581555312896,1,1,1.76646275233998e-46,6,ENSG00000117318
ENSG00000125835.1,1.33616023025567e-50,0.552479052843792,1,1,2.33667701067112e-46,6,ENSG00000125835
ENSG00000167996.1,2.1899950502735e-50,0.749666562446034,1,1,3.8298633439183e-46,6,ENSG00000167996
ENSG00000132507.3,1.04330792028153e-49,0.753666902506139,1,1,1.82453689098833e-45,6,ENSG00000132507
ENSG00000184697,1.65471309451819e-49,0.639323855839293,1,0.994,2.89376225969341e-45,6,ENSG00000184697
ENSG00000240972.3,1.75127360529388e-49,0.531330738896706,1,1,3.06262728093794e-45,6,ENSG00000240972
ENSG00000167526.1,1.91016608423355e-48,0.537310424249967,1,1,3.34049844810763e-44,6,ENSG00000167526
ENSG00000108518.2,5.40223995913758e-46,0.642841374293877,1,1,9.44743724053979e-42,6,ENSG00000108518
ENSG00000172270.2,7.70151069495413e-46,0.584285264237581,1,1,1.34684019033358e-41,6,ENSG00000172270
ENSG00000105669,9.24958090235539e-46,0.568332499014809,1,0.88,1.61756670820391e-41,6,ENSG00000105669
ENSG00000088305.2,1.19056729101409e-45,-0.559046715413734,1,1,2.08206407852544e-41,6,ENSG00000088305
ENSG00000105404.1,2.36265125576432e-45,0.534820332012281,1,0.986,4.13180451608064e-41,6,ENSG00000105404
ENSG00000172757,8.02631218105139e-45,0.390961688112252,1,1,1.40364147422227e-40,6,ENSG00000172757
ENSG00000100664,8.76057897966045e-45,0.371107083794161,1,1,1.53205005196302e-40,6,ENSG00000100664
ENSG00000128567.1,1.19377000995225e-44,-0.44404443306515,1,1,2.0876649934045e-40,6,ENSG00000128567
ENSG00000110492.1,2.35102648562471e-44,0.480206524091133,1,1,4.11147511806049e-40,6,ENSG00000110492
ENSG00000178741.1,7.4660061407754e-44,0.482619198145954,1,0.996,1.3056551538988e-39,6,ENSG00000178741
ENSG00000108953.1,2.54960539508776e-43,0.316242566500191,1,1,4.45874991492948e-39,6,ENSG00000108953
ENSG00000167468,3.42023951564202e-42,0.373088655564019,1,1,5.98131486495476e-38,6,ENSG00000167468
ENSG00000099817.1,3.5568175170434e-42,0.504807078204219,1,0.994,6.2201624738055e-38,6,ENSG00000099817
ENSG00000117523.1,2.19234252179208e-41,-0.441603767023137,1,1,3.83396860210998e-37,6,ENSG00000117523
ENSG00000147601.2,1.55775960521394e-40,-0.521025288142771,1,1,2.72420999759814e-36,6,ENSG00000147601
ENSG00000117122,1.76272876494163e-39,0.441120630986877,1,1,3.08266006412993e-35,6,ENSG00000117122
ENSG00000175390,4.04527820983758e-39,0.385056497373517,1,0.994,7.07438253336396e-35,6,ENSG00000175390
ENSG00000111678.1,7.06691436631027e-39,0.350074172826691,1,1,1.23586198438034e-34,6,ENSG00000111678
ENSG00000167815.2,2.35474100272881e-38,0.310182426486162,1,1,4.11797106557214e-34,6,ENSG00000167815
ENSG00000171222,1.75668709450705e-37,0.407139874684352,1,0.842,3.07209439087393e-33,6,ENSG00000171222
ENSG00000173812,1.88748700034808e-37,0.282586769894667,1,1,3.30083726620872e-33,6,ENSG00000173812
ENSG00000007080,2.41348489644517e-37,0.412957075735836,1,0.802,4.22070238690331e-33,6,ENSG00000007080
ENSG00000149557,3.53171897643877e-37,0.399912376788684,1,0.957,6.17627014599613e-33,6,ENSG00000149557
ENSG00000164434.1,6.56669051206903e-37,0.459035116636562,1,0.853,1.14838283675063e-32,6,ENSG00000164434
ENSG00000101182,1.17812191339352e-36,0.342526922470973,1,1,2.06029960214259e-32,6,ENSG00000101182
ENSG00000142089.1,1.42189590090121e-36,0.332697459396326,1,1,2.48661155149603e-32,6,ENSG00000142089
ENSG00000042753.1,1.73658988904043e-36,0.411597088762166,1,0.992,3.03694839795391e-32,6,ENSG00000042753
ENSG00000177971.1,2.28002477753073e-36,0.392417280971714,1,0.99,3.98730733094574e-32,6,ENSG00000177971
ENSG00000170906.2,2.90339310686043e-36,0.350153601747124,1,1,5.07745386527752e-32,6,ENSG00000170906
ENSG00000126457.1,3.41707142693066e-36,0.400480614026744,1,1,5.97577451141633e-32,6,ENSG00000126457
ENSG00000099901,3.94894947505248e-36,0.3952430554499,1,1,6.90592284197177e-32,6,ENSG00000099901
ENSG00000213465.1,4.93409769798092e-36,0.417288036311582,1,0.99,8.62875005422904e-32,6,ENSG00000213465
ENSG00000092421.1,2.19190354072835e-35,-0.442012699012951,1,1,3.83320091202574e-31,6,ENSG00000092421
ENSG00000008083.2,2.51380884515119e-35,-0.424126107404931,1,1,4.3961489084004e-31,6,ENSG00000008083
ENSG00000211450,2.66802654742645e-35,0.352119099413068,1,0.999,4.66584482613938e-31,6,ENSG00000211450
ENSG00000091640,5.70562182640301e-35,0.335595545308719,1,0.997,9.97799145001359e-31,6,ENSG00000091640
ENSG00000112159,6.9366508744622e-35,-0.399784231424371,1,1,1.21308150492595e-30,6,ENSG00000112159
ENSG00000125534,3.90197808468622e-34,0.358295719778001,0.978,0.811,6.82377927449926e-30,6,ENSG00000125534
ENSG00000170043,1.77147007059769e-33,0.356091461134079,1,0.945,3.09794685946124e-29,6,ENSG00000170043
ENSG00000077312,1.9524109856424e-33,0.356546907360456,1,0.957,3.41437633169143e-29,6,ENSG00000077312
ENSG00000088832,2.92084047746129e-33,0.311221784195645,1,1,5.10796582698431e-29,6,ENSG00000088832
ENSG00000143494.1,1.05207342825545e-32,-0.412901643368596,1,1,1.83986601133313e-28,6,ENSG00000143494
ENSG00000240563.1,1.07642698633315e-32,-0.272321241714862,1,1,1.88245551369942e-28,6,ENSG00000240563
ENSG00000125652,2.87979470287677e-32,0.306864992116619,0.978,0.748,5.0361849763909e-28,6,ENSG00000125652
ENSG00000175550,3.61037432474165e-32,0.334118347874007,1,0.96,6.31382261910819e-28,6,ENSG00000175550
ENSG00000115268.1,4.49224845991402e-32,0.303387447942386,1,1,7.85604410669764e-28,6,ENSG00000115268
ENSG00000086504,7.96516247658544e-32,0.378713513733185,1,0.933,1.39294761390526e-27,6,ENSG00000086504
ENSG00000103202,8.55524407895069e-32,0.349645128094744,1,0.999,1.4961410845269e-27,6,ENSG00000103202
ENSG00000136603,1.2198150061684e-31,-0.384320339942116,1,1,2.13321248278729e-27,6,ENSG00000136603
ENSG00000135862.1,1.95218113747189e-31,-0.37958843607148,0.888,0.983,3.41397437321084e-27,6,ENSG00000135862
ENSG00000106153.5,2.23272035830833e-31,-1.11754022960559,0,0.741,3.9045813626096e-27,6,ENSG00000106153
ENSG00000152661.1,3.09292915432776e-31,-0.376930371608335,1,1,5.40891450508838e-27,6,ENSG00000152661
ENSG00000131969.3,3.25628334463227e-31,-0.483281879175083,0.472,0.912,5.69458831309292e-27,6,ENSG00000131969
ENSG00000204392,4.37060498506444e-31,0.325768562587307,1,0.986,7.64331399788069e-27,6,ENSG00000204392
ENSG00000138035.3,4.59571481672512e-31,-0.486147036064808,0.978,0.993,8.03698607148888e-27,6,ENSG00000138035
ENSG00000074071,6.19461738570297e-31,0.382591123010003,0.989,0.967,1.08331468841174e-26,6,ENSG00000074071
ENSG00000187840.1,7.53840800953025e-31,0.327313694999566,1,0.997,1.31831679270665e-26,6,ENSG00000187840
ENSG00000163032.2,1.3335425225627e-30,-0.425968120009021,0.966,0.994,2.33209916345765e-26,6,ENSG00000163032
ENSG00000126432,1.52265725410355e-30,0.325791024331601,1,0.997,2.66282300597629e-26,6,ENSG00000126432
ENSG00000163106.2,1.72179333539118e-30,-0.429077495591589,0.449,0.882,3.01107218493209e-26,6,ENSG00000163106
ENSG00000140988.1,1.94094898778455e-30,0.333704279858562,1,1,3.39433158983762e-26,6,ENSG00000140988
ENSG00000105701,2.39392814058231e-30,0.356168987058984,0.966,0.736,4.18650153225034e-26,6,ENSG00000105701
ENSG00000206557.1,2.5004264733116e-30,-0.338933362182942,1,1,4.37274581652732e-26,6,ENSG00000206557
ENSG00000022556.3,3.01392373516067e-30,-0.519039403609215,0.213,0.799,5.27074982804898e-26,6,ENSG00000022556
ENSG00000115286,9.87381883616169e-30,0.328683919596003,1,0.983,1.72673343806796e-25,6,ENSG00000115286
ENSG00000123560.1,1.33869580447729e-29,-0.302775754904615,0.685,0.926,2.34111122286988e-25,6,ENSG00000123560
ENSG00000172531,1.57597040283267e-29,0.323224052819869,1,0.994,2.75605704047377e-25,6,ENSG00000172531
ENSG00000161203,2.65016663701219e-29,0.291537889927591,1,1,4.63461141480692e-25,6,ENSG00000161203
ENSG00000148834.1,2.74649739364305e-29,0.326861780016604,1,0.945,4.80307464200296e-25,6,ENSG00000148834
ENSG00000133169,3.30673676103241e-29,0.305852461228195,1,0.999,5.78282124769348e-25,6,ENSG00000133169
ENSG00000167004.1,3.43396561881108e-29,0.356110976236551,1,1,6.00531907417682e-25,6,ENSG00000167004
ENSG00000179271,4.02337530022358e-29,0.376152627526871,1,0.942,7.036078725031e-25,6,ENSG00000179271
ENSG00000130731,4.44224757973957e-29,0.300380253863621,0.989,0.957,7.76860256744855e-25,6,ENSG00000130731
ENSG00000004779,6.79861501851591e-29,0.258085215281522,1,1,1.18894179443806e-24,6,ENSG00000004779
ENSG00000160014,6.83517754820616e-29,0.313861287674427,0.989,1,1.19533584963029e-24,6,ENSG00000160014
ENSG00000184983.1,1.60761827820507e-28,0.261063779751222,1,1,2.81140284492503e-24,6,ENSG00000184983
ENSG00000171735,2.02105182383158e-28,0.310515853245195,1,1,3.53441542951667e-24,6,ENSG00000171735
ENSG00000143515,2.54683191261469e-28,-0.259484511981562,0.719,0.935,4.45389964878057e-24,6,ENSG00000143515
ENSG00000038427.1,2.72113202032457e-28,-0.35521083125709,1,1,4.7587156771436e-24,6,ENSG00000038427
ENSG00000175756,4.0694699960724e-28,0.342324296129244,1,0.989,7.11668912913142e-24,6,ENSG00000175756
ENSG00000140350,7.70397190680554e-28,0.309155075282089,1,1,1.34727060706215e-23,6,ENSG00000140350
ENSG00000182154,7.81989064028331e-28,0.380812686745209,1,0.948,1.36754247517275e-23,6,ENSG00000182154
ENSG00000140990.1,9.50646860274949e-28,0.319369039778386,1,0.997,1.66249122924883e-23,6,ENSG00000140990
ENSG00000197728.3,1.041914975562e-27,0.367514158150573,1,0.983,1.82210090926283e-23,6,ENSG00000197728
ENSG00000110717.1,1.17264349235223e-27,0.280248785930966,1,0.996,2.05071893942557e-23,6,ENSG00000110717
ENSG00000117519.1,1.7093801803599e-27,0.317585011694724,1,0.999,2.98936405941339e-23,6,ENSG00000117519
ENSG00000085224,3.41852200336677e-27,-0.290104774010442,1,1,5.97831127948781e-23,6,ENSG00000085224
ENSG00000116898.1,6.23661364583084e-27,0.278416590095332,1,0.999,1.0906589943829e-22,6,ENSG00000116898
ENSG00000138629,7.1262658780314e-27,0.278049774385016,1,0.971,1.24624137675013e-22,6,ENSG00000138629
ENSG00000099795,8.63382618818042e-27,0.27118189117605,1,0.994,1.50988352378899e-22,6,ENSG00000099795
ENSG00000198830.1,8.95111881335927e-27,0.273168351755667,1,1,1.56537165808027e-22,6,ENSG00000198830
ENSG00000154380.2,1.81904646123159e-26,-0.328467403792259,1,1,3.1811484514018e-22,6,ENSG00000154380
ENSG00000060688,1.8950897382358e-26,0.308301048629747,1,0.992,3.31413293422676e-22,6,ENSG00000060688
ENSG00000184674.3,2.69667973625763e-26,-0.348987649232707,0.011,0.669,4.71595352276735e-22,6,ENSG00000184674
ENSG00000198888.1,3.3412621918733e-26,-0.377756609758114,1,1,5.84319932114802e-22,6,ENSG00000198888
ENSG00000124839,3.36758335726375e-26,-0.269256169644348,0.472,0.85,5.88922977518284e-22,6,ENSG00000124839
ENSG00000162244,3.6065958440059e-26,0.25668381385211,1,1,6.30721481199752e-22,6,ENSG00000162244
ENSG00000183617,3.75801721961342e-26,0.274135240035041,0.989,0.919,6.57202051365994e-22,6,ENSG00000183617
ENSG00000136003,4.1157270356407e-26,0.279005249011492,1,0.981,7.19758343992845e-22,6,ENSG00000136003
ENSG00000132688.2,5.66963200140737e-26,-0.348757415098644,1,0.999,9.91505244406121e-22,6,ENSG00000132688
ENSG00000143375.1,6.90549110017342e-26,-0.332325930225883,0.787,0.939,1.20763228359833e-21,6,ENSG00000143375
ENSG00000183011.2,1.69543560989356e-25,0.295752412099257,1,0.989,2.96497779458185e-21,6,ENSG00000183011
ENSG00000147123,1.86525941796018e-25,0.260675483500682,1,0.999,3.26196567012875e-21,6,ENSG00000147123
ENSG00000198840,2.05182033747587e-25,-0.344920958239637,1,1,3.5882234061778e-21,6,ENSG00000198840
ENSG00000189067.2,2.0829232043268e-25,0.333548163260733,1,0.999,3.64261609972671e-21,6,ENSG00000189067
ENSG00000005075,2.75722921285701e-25,0.278875314952385,1,1,4.82184244744433e-21,6,ENSG00000005075
ENSG00000116679.1,2.97198030822771e-25,-0.326435129853711,0.989,1,5.19739916302862e-21,6,ENSG00000116679
ENSG00000004059,4.25050424290876e-25,0.272567479417525,1,0.906,7.43328181999885e-21,6,ENSG00000004059
ENSG00000089693,6.69236362740245e-25,0.278103972278983,1,0.994,1.17036055116014e-20,6,ENSG00000089693
ENSG00000177425,7.13816266621553e-25,-0.313488679114668,1,1,1.24832188706777e-20,6,ENSG00000177425
ENSG00000179820,8.1950955540639e-25,-0.285277662977616,0.888,0.988,1.43315831049469e-20,6,ENSG00000179820
ENSG00000205581,9.09897940463344e-25,0.287507854016813,1,1,1.5912295182823e-20,6,ENSG00000205581
ENSG00000167797,1.27713994275897e-24,0.292715333984549,0.989,0.898,2.23346233189689e-20,6,ENSG00000167797
ENSG00000108821.1,1.70296124681213e-24,-0.30550071664688,0.82,0.93,2.97813862842506e-20,6,ENSG00000108821
ENSG00000124766.1,1.96338121273357e-24,-0.280045092612975,1,1,3.43356106482846e-20,6,ENSG00000124766
ENSG00000062582,2.60963304793796e-24,0.296083341368094,1,0.996,4.5637262742339e-20,6,ENSG00000062582
ENSG00000241186.2,2.64827666303206e-24,-0.280469547522898,1,1,4.63130622831047e-20,6,ENSG00000241186
ENSG00000082153.1,2.99308941891048e-24,0.255378801459373,1,1,5.23431477579065e-20,6,ENSG00000082153
ENSG00000142871.1,3.12083619756587e-24,-0.331326480166836,0.843,0.95,5.45771834230319e-20,6,ENSG00000142871
ENSG00000100393,3.26854737822895e-24,-0.292888068391311,1,1,5.71603565504679e-20,6,ENSG00000100393
ENSG00000204316,3.51040895282828e-24,0.262436338480721,0.978,0.733,6.13900317670609e-20,6,ENSG00000204316
ENSG00000130303,5.03735281143116e-24,0.297431117052629,1,0.944,8.80932259663081e-20,6,ENSG00000130303
ENSG00000104722,5.43795893230524e-24,-0.281846616316751,0.764,0.941,9.5099025808154e-20,6,ENSG00000104722
ENSG00000164056,6.28215272348163e-24,0.271817912818575,0.989,0.944,1.09862286828247e-19,6,ENSG00000164056
ENSG00000181885,6.78284930494211e-24,-0.272751427683488,0.775,0.961,1.18618468644828e-19,6,ENSG00000181885
ENSG00000112667,7.55349333470878e-24,0.30887127153047,0.978,0.893,1.32095491437387e-19,6,ENSG00000112667
ENSG00000162194.3,1.04983430724493e-23,0.271797415349368,1,0.999,1.83595023650993e-19,6,ENSG00000162194
ENSG00000171314.1,1.26746941158586e-23,0.292044075701628,1,0.997,2.21655050698135e-19,6,ENSG00000171314
ENSG00000204922,1.42299607193411e-23,0.285535809460639,1,0.992,2.48853553059837e-19,6,ENSG00000204922
ENSG00000135821,1.73367333046257e-23,-0.268138458340645,1,1,3.03184792031294e-19,6,ENSG00000135821
ENSG00000152061.2,1.78012518235494e-23,-0.331055774437035,0.989,0.993,3.11308291890231e-19,6,ENSG00000152061
ENSG00000182768,2.11024743632691e-23,0.273368285736568,0.989,0.844,3.6904007166485e-19,6,ENSG00000182768
ENSG00000198712,2.27989920818281e-23,-0.271120961687564,1,1,3.9870877352701e-19,6,ENSG00000198712
ENSG00000117335,3.36046291358841e-23,-0.278365088628384,0.989,1,5.87677754328341e-19,6,ENSG00000117335
ENSG00000167900,3.78678192832086e-23,0.268268242645936,1,0.997,6.62232423624753e-19,6,ENSG00000167900
ENSG00000182551,3.84928875302748e-23,0.267929926432125,1,0.957,6.73163617129445e-19,6,ENSG00000182551
ENSG00000143368,5.72567641058201e-23,0.295406770362252,1,0.968,1.00130629068258e-18,6,ENSG00000143368
ENSG00000130312,5.75920741620658e-23,0.261919810819343,1,0.992,1.00717019294621e-18,6,ENSG00000130312
ENSG00000151914.1,6.64167722449345e-23,-0.308770917988584,1,0.997,1.16149651301941e-18,6,ENSG00000151914
ENSG00000138768.1,8.22190349721891e-23,-0.291030357434398,1,1,1.43784648359364e-18,6,ENSG00000138768
ENSG00000101220,1.0244619645575e-22,0.284189016726375,0.978,0.917,1.79157908361816e-18,6,ENSG00000101220
ENSG00000160932,1.67746981319096e-22,0.251622090144794,0.989,0.95,2.93355920930835e-18,6,ENSG00000160932
ENSG00000066279,1.79969283093941e-22,-0.320480641889877,1,0.999,3.14730282274684e-18,6,ENSG00000066279
ENSG00000136371.1,1.81189955065643e-22,0.272559602976178,1,0.957,3.16864993418797e-18,6,ENSG00000136371
ENSG00000178896,2.99341826055427e-22,0.257120148727166,1,0.915,5.23488985405731e-18,6,ENSG00000178896
ENSG00000124486,3.00008134277746e-22,-0.259223643497593,1,1,5.24654225224922e-18,6,ENSG00000124486
ENSG00000145337,3.03549731682407e-22,0.252404996392772,1,0.93,5.30847770766193e-18,6,ENSG00000145337
ENSG00000092621,4.56568056357758e-22,0.253888020260184,1,1,7.98446216958447e-18,6,ENSG00000092621
ENSG00000242265,8.54227479501146e-22,0.280884304497363,1,0.993,1.4938730161516e-17,6,ENSG00000242265
ENSG00000139364.2,8.64867269266996e-22,-0.336175311822381,0.888,0.978,1.51247988049412e-17,6,ENSG00000139364
ENSG00000152082,8.85051008048688e-22,0.280981560356252,1,0.909,1.54777720287555e-17,6,ENSG00000152082
ENSG00000167645,1.16083912427621e-21,0.266591579894517,0.978,0.888,2.03007546053424e-17,6,ENSG00000167645
ENSG00000158769,1.2941048562174e-21,-0.309408978095206,1,0.999,2.26313057255299e-17,6,ENSG00000158769
ENSG00000120437.3,1.4585958200765e-21,0.278844335540442,1,1,2.55079237014978e-17,6,ENSG00000120437
ENSG00000101745,2.61105528815239e-21,-0.284112094368794,1,1,4.5662134879209e-17,6,ENSG00000101745
ENSG00000146938.1,2.96727190185491e-21,-0.301072682283512,1,1,5.18916510196387e-17,6,ENSG00000146938
ENSG00000145979,3.8925398803605e-21,0.268868441225431,0.989,0.887,6.80727374277445e-17,6,ENSG00000145979
ENSG00000131149,5.63944380533933e-21,-0.251719408312181,0.876,0.979,9.86225932677741e-17,6,ENSG00000131149
ENSG00000106211,9.51836999034205e-21,0.273067761415083,1,0.997,1.66457254391102e-16,6,ENSG00000106211
ENSG00000136997,1.05570306286765e-20,-0.28590144641312,0.798,0.949,1.84621351634294e-16,6,ENSG00000136997
ENSG00000143799.1,1.47211776872015e-20,-0.254231206079239,1,1,2.5744395539378e-16,6,ENSG00000143799
ENSG00000130706,2.3440436544633e-20,0.25807901628521,1,0.996,4.09926354292542e-16,6,ENSG00000130706
ENSG00000159167.1,2.44843931684767e-20,-0.289246236075337,0.73,0.919,4.28183067730321e-16,6,ENSG00000159167
ENSG00000140575.1,2.96834171327435e-20,-0.316635269465403,1,1,5.19103598817419e-16,6,ENSG00000140575
ENSG00000143442,3.25889437863938e-20,-0.25806732353869,0.989,1,5.69915448936455e-16,6,ENSG00000143442
ENSG00000196323,4.73003042002999e-20,-0.257453932578835,1,1,8.27187719854845e-16,6,ENSG00000196323
ENSG00000185088.4,5.7203181139293e-20,-0.458934788839547,1,1,1.00036923176396e-15,6,ENSG00000185088
ENSG00000173726,5.79659770912056e-20,-0.274234966745561,1,1,1.013709007371e-15,6,ENSG00000173726
ENSG00000169230,8.21008171494948e-20,0.307736882644002,0.989,0.994,1.43577909031037e-15,6,ENSG00000169230
ENSG00000143418.2,9.28507420176245e-20,-0.279781007338465,1,0.994,1.62377377640422e-15,6,ENSG00000143418
ENSG00000075292,1.347517161984e-19,-0.257001564906459,1,1,2.35653801287763e-15,6,ENSG00000075292
ENSG00000104635,1.57011144447407e-19,-0.261217924565638,1,0.999,2.74581089409625e-15,6,ENSG00000104635
ENSG00000185630.2,1.78178023205809e-19,-0.306582409493781,1,1,3.11597726982318e-15,6,ENSG00000185630
ENSG00000106538.1,2.03925985462641e-19,0.272417568366105,1,0.994,3.56625763377067e-15,6,ENSG00000106538
ENSG00000144674,2.12068316591601e-19,-0.258769836317544,1,0.999,3.70865072055391e-15,6,ENSG00000144674
ENSG00000151718,2.68693105501645e-19,-0.261646427552637,0.989,0.996,4.69890502901277e-15,6,ENSG00000151718
ENSG00000142192,5.28193247300004e-19,-0.277178978593497,0.989,1,9.23704350878247e-15,6,ENSG00000142192
ENSG00000198763,5.83083024258745e-19,-0.300730910455352,1,1,1.01969559282369e-14,6,ENSG00000198763
ERCC-00004.2,1.05261761832893e-18,-0.720871340120159,1,1,1.84081769093363e-14,6,ERCC-00004
ERCC-00171.1,1.3191750389864e-18,-0.612964456292601,1,1,2.30697330817941e-14,6,ERCC-00171
ENSG00000214087,1.80094410694029e-18,0.260622739627554,0.978,0.858,3.14949105421718e-14,6,ENSG00000214087
ENSG00000136938,2.47641443556316e-18,-0.262300998286793,0.921,0.972,4.33075356491285e-14,6,ENSG00000136938
ENSG00000187193.5,3.78499090425811e-18,-0.443652652300257,0.798,0.93,6.61919209336658e-14,6,ENSG00000187193
ENSG00000198899,3.85752711481225e-18,-0.305820844710703,1,1,6.74604341838366e-14,6,ENSG00000198899
ENSG00000104341.2,8.14575900251995e-18,-0.257390124799135,1,1,1.42453033436069e-13,6,ENSG00000104341
ENSG00000127603.1,8.3861523777678e-18,-0.27101168948544,1,1,1.46657032782403e-13,6,ENSG00000127603
ENSG00000136110.2,9.13313471450649e-18,-0.278485571495109,0.955,0.964,1.5972025988729e-13,6,ENSG00000136110
ENSG00000138759,9.14801402301145e-18,-0.25575990656515,0.955,0.985,1.59980469234424e-13,6,ENSG00000138759
ENSG00000196924,1.01285425017056e-17,-0.250211825638663,0.989,0.996,1.77127951269827e-13,6,ENSG00000196924
ENSG00000111752.2,3.0194127995215e-17,-0.256108424470342,1,0.997,5.28034910380321e-13,6,ENSG00000111752
ENSG00000143183.2,3.51143842803146e-17,-0.25218713410821,1,1,6.14080352294141e-13,6,ENSG00000143183
ENSG00000117724.2,4.25181960804708e-17,-0.272721763277782,1,1,7.43558213055273e-13,6,ENSG00000117724
ENSG00000092964.3,6.66733816973636e-17,-0.278248459445011,1,1,1.16598409912349e-12,6,ENSG00000092964
ENSG00000105894,9.65996002954232e-17,0.26990717968419,1,0.996,1.68933380996636e-12,6,ENSG00000105894
ENSG00000158470.1,1.44810984235871e-16,-0.275103658599475,1,0.999,2.53245449231691e-12,6,ENSG00000158470
ERCC-00074.1,2.35428235869588e-16,-0.729463617336414,1,1,4.11716898888735e-12,6,ERCC-00074
ENSG00000149591,3.4245786321169e-16,-0.264030121727988,0.955,0.967,5.98890311184604e-12,6,ENSG00000149591
ERCC-00046.2,5.12389584399481e-16,-0.679536225767916,1,1,8.96066905197812e-12,6,ERCC-00046
ENSG00000198938.1,9.83890957026096e-16,-0.259799980450865,1,1,1.72062850564724e-11,6,ENSG00000198938
ENSG00000143248.1,1.24554774892831e-15,-0.318380669091095,0.933,0.974,2.17821390332582e-11,6,ENSG00000143248
ENSG00000076716.1,2.04334734633664e-15,-0.271484776137437,0.989,0.997,3.57340583927352e-11,6,ENSG00000076716
ENSG00000212993,4.76307548424404e-15,-0.277201627125791,0.989,0.996,8.32966640684599e-11,6,ENSG00000212993
ENSG00000044574.1,1.68701633013852e-14,-0.250496678588517,1,1,2.95025415814625e-10,6,ENSG00000044574
ENSG00000026025.5,2.8423824938165e-14,0.296170774717578,0.989,0.952,4.9707585051863e-10,6,ENSG00000026025
ENSG00000143320.2,5.63627090240243e-14,-0.267562615329047,0.888,0.937,9.85671055412136e-10,6,ENSG00000143320
ENSG00000110092.3,1.0462279888973e-13,-0.266778214662845,0.966,0.957,1.82964350698359e-09,6,ENSG00000110092
ERCC-00003.3,1.51583536440023e-13,-0.619933486005199,1,1,2.65089288526312e-09,6,ERCC-00003
ENSG00000118523.2,1.53500682665087e-13,-0.260243979930096,0.843,0.926,2.68441993844705e-09,6,ENSG00000118523
ERCC-00130.3,2.0397536388333e-13,-0.65548005856514,1,1,3.56712116359167e-09,6,ERCC-00130
ENSG00000159228.1,1.71194141630758e-12,-0.259122958646939,0.966,0.981,2.9938431488387e-08,6,ENSG00000159228
ERCC-00145.3,4.99111705610324e-12,-0.503819382666523,1,1,8.72846550771335e-08,6,ERCC-00145
ERCC-00096.3,1.37685064567484e-11,-0.659472707266156,1,1,2.40783640915616e-07,6,ERCC-00096
ERCC-00002.5,3.43175019884249e-11,-0.661080229025614,1,1,6.00144474773574e-07,6,ERCC-00002
ERCC-00136.3,1.0890460755035e-10,-0.610778770550321,1,1,1.90452377684051e-06,6,ERCC-00136
ENSG00000256618.5,3.75952568038709e-09,-0.595588866156138,1,0.993,6.57465850986095e-05,6,ENSG00000256618
ENSG00000269028,1.41824560009864e-08,-0.329058438724089,1,0.999,0.000248022790545251,6,ENSG00000269028
ENSG00000110713.1,1.65935311843382e-07,-0.353686784186672,0.989,0.99,0.00290187673351707,6,ENSG00000110713
ERCC-00042.3,2.23847627922863e-07,-0.431012293237391,1,0.999,0.00391464731711503,6,ERCC-00042
ERCC-00113.3,1.85113622573166e-06,-0.538583141147425,1,1,0.0323726703155952,6,ERCC-00113
ERCC-00009.1,2.46134131446879e-06,-0.405170224644071,0.989,1,0.0430439369074303,6,ERCC-00009
ENSG00000125148.4,2.98565474702242e-06,-0.420354556719392,0.247,0.471,0.0522131302159281,6,ENSG00000125148
ENSG00000169715.4,3.54958845953723e-06,-0.252929333801689,0,0.201,0.0620752029803872,6,ENSG00000169715
ERCC-00043.3,3.58217690332591e-06,-0.464412962329344,0.989,0.999,0.0626451096853635,6,ERCC-00043
ERCC-00111.2,6.03233185784872e-06,-0.376729486974035,1,0.986,0.105493419530058,6,ERCC-00111
ERCC-00108.2,6.11463216319336e-06,-0.468327311156456,1,1,0.106932687269925,6,ERCC-00108
ERCC-00112.3,5.49377574894938e-05,-0.251060604005715,0.876,0.93,0.960751502976268,6,ERCC-00112
ERCC-00060.3,0.000359971166974675,-0.281224550500981,0.955,0.972,1,6,ERCC-00060
ENSG00000154556.5,0.0018887606011707,-0.267742942854324,0.989,0.971,1,6,ENSG00000154556
ENSG00000131969.4,2.03113142017616e-48,0.781750279251298,1,0.847,3.55204262760407e-44,7,ENSG00000131969
ENSG00000187193.6,1.20097097870041e-47,0.863492411480145,1,0.905,2.10025804755128e-43,7,ENSG00000187193
ENSG00000163106.3,1.41844835721747e-45,0.689757452124343,1,0.814,2.48058248710191e-41,7,ENSG00000163106
ENSG00000214265,1.44876920943487e-40,0.393569304817435,1,1,2.5336075934597e-36,7,ENSG00000214265
ENSG00000124766.2,3.45790276032112e-37,0.335895705278038,1,1,6.04718034724958e-33,7,ENSG00000124766
ENSG00000159228.2,1.02188254308183e-36,0.466314561397652,1,0.977,1.7870681913415e-32,7,ENSG00000159228
ENSG00000135549.1,7.89224699489327e-33,0.261295335739013,0.932,0.263,1.38019615446693e-28,7,ENSG00000135549
ENSG00000163931,1.51451352794658e-32,0.302270957806423,1,1,2.64858125767298e-28,7,ENSG00000163931
ENSG00000142871.2,2.15350380669992e-31,0.40778042932085,1,0.931,3.76604745715682e-27,7,ENSG00000142871
ENSG00000077458.2,1.36560272493554e-30,0.445390060595201,0.989,0.964,2.38816604536728e-26,7,ENSG00000077458
ENSG00000100604,3.51653750444835e-30,-0.313027446129108,0.534,0.934,6.14972078777927e-26,7,ENSG00000100604
ENSG00000143248.2,2.68019582867344e-29,0.456087591612862,1,0.966,4.68712646518411e-25,7,ENSG00000143248
ENSG00000170561.3,4.21971604594013e-28,-0.315146423605287,0.045,0.721,7.3794394211401e-24,7,ENSG00000170561
ENSG00000147604.1,9.82456940326472e-28,0.388251584989184,1,0.994,1.71812069724293e-23,7,ENSG00000147604
ENSG00000158710,4.65750883868416e-27,0.329974421715553,0.989,0.942,8.14505145709086e-23,7,ENSG00000158710
ENSG00000022556.4,2.1357192137326e-26,0.432016442039771,1,0.703,3.73494576097557e-22,7,ENSG00000022556
ENSG00000062716.1,1.02084198467253e-25,0.37786326553584,1,0.999,1.78524846279532e-21,7,ENSG00000062716
ENSG00000065154,3.61973674355445e-25,0.299970424750628,1,0.999,6.33019561712803e-21,7,ENSG00000065154
ENSG00000188846.1,4.74382030907143e-25,-0.280149989657438,1,1,8.29599295650412e-21,7,ENSG00000188846
ENSG00000110492.2,1.4109126015571e-24,-0.346031333428253,1,1,2.46740395760306e-20,7,ENSG00000110492
ENSG00000178031,6.21077389135508e-24,0.279338068082027,0.966,0.876,1.08614013812018e-19,7,ENSG00000178031
ENSG00000110931,2.64882978585169e-23,0.346558646605423,0.989,0.923,4.63227352949744e-19,7,ENSG00000110931
ENSG00000198763.1,3.41043591385805e-23,-0.33865217359563,1,1,5.96417032615496e-19,7,ENSG00000198763
ENSG00000124839.1,3.55003709042638e-23,0.304050379744529,1,0.785,6.20830486373765e-19,7,ENSG00000124839
ENSG00000154240,9.60499444722604e-23,0.270823353583711,0.989,0.893,1.67972142893089e-18,7,ENSG00000154240
ENSG00000076685,9.81136742137783e-23,0.261674212064832,0.989,0.828,1.71581193465055e-18,7,ENSG00000076685
ENSG00000102309.2,3.65764028183363e-22,0.300898842194396,1,0.972,6.39648132487066e-18,7,ENSG00000102309
ENSG00000124193.1,7.87132856534026e-21,-0.281227917196441,0.989,1,1.3765379395067e-16,7,ENSG00000124193
ENSG00000136160,1.02481816282886e-20,0.268998547506138,0.909,0.631,1.7922020031551e-16,7,ENSG00000136160
ENSG00000067225.1,2.58788757132226e-20,0.319174142213742,1,0.999,4.52569778472837e-16,7,ENSG00000067225
ENSG00000147601.3,3.22201448837599e-20,0.288107200234377,1,1,5.63465893727193e-16,7,ENSG00000147601
ENSG00000163191.2,3.30953024225702e-20,-0.35412753561887,1,1,5.78770648765907e-16,7,ENSG00000163191
ENSG00000154556.6,3.69707145930585e-20,-0.471392860121957,0.909,0.981,6.46543856803407e-16,7,ENSG00000154556
ENSG00000256618.6,3.95605635865329e-20,0.458530691060163,1,0.993,6.91835136001286e-16,7,ENSG00000256618
ERCC-00136.4,4.04522416244677e-20,-0.724456217999512,1,1,7.07428801528692e-16,7,ERCC-00136
ENSG00000163032.3,3.21599197414021e-18,0.267159955414888,1,0.99,5.62412676437639e-14,7,ENSG00000163032
ENSG00000164434.2,2.01163973031176e-17,-0.307788773766507,0.682,0.891,3.5179555603692e-13,7,ENSG00000164434
ENSG00000198888.2,4.64757457445312e-17,-0.288001847580214,1,1,8.12767841580361e-13,7,ENSG00000198888
ENSG00000185088.5,7.7264929626237e-17,0.31511013811897,1,1,1.35120908930363e-12,7,ENSG00000185088
ENSG00000105894.1,9.42102170503723e-17,-0.284265649801068,1,0.996,1.64754827577691e-12,7,ENSG00000105894
ENSG00000160888.1,1.20451432945518e-16,0.260871936084257,1,0.975,2.10645465935121e-12,7,ENSG00000160888
ENSG00000141543.1,4.25363314581331e-16,0.314392484769408,1,1,7.43875364539832e-12,7,ENSG00000141543
ERCC-00074.2,4.27049211524277e-16,-0.722113972872748,1,1,7.46823661113656e-12,7,ERCC-00074
ENSG00000198518,4.59412390062369e-16,0.420579829566864,0.943,0.825,8.03420387741071e-12,7,ENSG00000198518
ENSG00000182718,5.10677355969895e-16,0.268626308571967,1,0.95,8.93072560120152e-12,7,ENSG00000182718
ENSG00000008311.2,8.30590649930792e-16,0.271006667855268,1,0.996,1.45253692859897e-11,7,ENSG00000008311
ENSG00000121207.2,2.9935521615828e-15,-0.310761148866767,0.83,0.975,5.235124020176e-11,7,ENSG00000121207
ERCC-00108.3,5.50514938538274e-14,-0.567848436751841,1,1,9.62740524515733e-10,7,ERCC-00108
ERCC-00009.2,4.62132129670791e-13,-0.491271827179683,1,0.999,8.08176668368279e-09,7,ERCC-00009
ERCC-00130.4,1.01749697373157e-12,-0.645678966090953,1,1,1.77939870766177e-08,7,ERCC-00130
ERCC-00004.3,1.23187134022655e-12,-0.653402096646857,1,1,2.15429659978819e-08,7,ERCC-00004
ERCC-00092.1,6.20048846636428e-11,-0.262042020035119,0.761,0.889,1.08434142299779e-06,7,ERCC-00092
ERCC-00096.4,9.90424039890451e-11,-0.647922676064215,1,1,1.73205356096042e-06,7,ERCC-00096
ERCC-00113.4,1.01886809879483e-09,-0.580098455898077,1,1,1.7817965311724e-05,7,ERCC-00113
ERCC-00002.6,3.27774933756801e-09,-0.634747501990775,1,1,5.73212804153893e-05,7,ERCC-00002
ENSG00000167996.2,1.56802322949854e-07,-0.267091910251279,1,1,0.00274215902374705,7,ENSG00000167996
ERCC-00171.2,3.98086967104586e-07,-0.487293659663126,1,1,0.006961744880725,7,ERCC-00171
ERCC-00046.3,4.73406953241558e-07,-0.567856126667735,1,1,0.00827894079828837,7,ERCC-00046
ERCC-00042.4,1.99575798938587e-05,-0.388144797086733,1,0.999,0.349018157183801,7,ERCC-00042
ERCC-00043.4,4.37415911793202e-05,-0.44140685194139,0.989,0.999,0.764952946543952,7,ERCC-00043
ERCC-00111.3,5.16701311751266e-05,-0.360725114783575,0.989,0.988,0.903607253990615,7,ERCC-00111
ERCC-00145.4,0.000407508048507594,-0.39032809318777,1,1,1,7,ERCC-00145
ENSG00000135549.2,1.43594083287773e-38,0.337621377303586,0.961,0.27,2.51117332853658e-34,8,ENSG00000135549
ENSG00000141543.2,6.59450051577663e-29,0.507680473292715,1,1,1.15324625019902e-24,8,ENSG00000141543
ENSG00000185885.2,3.18498888286649e-28,-0.564337178929905,1,1,5.56990855835692e-24,8,ENSG00000185885
ENSG00000077458.3,9.00054963126156e-25,0.404644192408799,1,0.963,1.57401611951502e-20,8,ENSG00000077458
ENSG00000256618.7,1.59139199263301e-22,0.634422814180265,1,0.993,2.78302631671661e-18,8,ENSG00000256618
ENSG00000163191.3,4.23241788273827e-21,-0.39674474692194,1,1,7.4016523933327e-17,8,ENSG00000163191
ENSG00000170561.4,1.06923566038121e-20,-0.291119194849377,0.13,0.702,1.86987932287467e-16,8,ENSG00000170561
ENSG00000177954.1,1.37101023108575e-20,0.288633720288825,1,1,2.39762269212276e-16,8,ENSG00000177954
ENSG00000138495.2,1.42450618140709e-20,-0.300341682017875,1,1,2.49117641004471e-16,8,ENSG00000138495
ENSG00000022556.5,3.00265647768563e-20,0.355261346745537,1,0.707,5.25104564817662e-16,8,ENSG00000022556
ENSG00000131203.1,6.22673800031391e-20,-0.284933093077225,0.792,0.954,1.0889319414949e-15,8,ENSG00000131203
ENSG00000170906.3,7.30817219390147e-20,-0.312222878332187,1,1,1.27805315326949e-15,8,ENSG00000170906
ENSG00000008311.3,1.31152951416812e-14,-0.301986210048446,1,0.996,2.2936028143772e-10,8,ENSG00000008311
ENSG00000198825.2,6.262182634544e-13,-0.258687380684073,0.455,0.74,1.09513049912905e-08,8,ENSG00000198825
ENSG00000198865.5,1.66069259726671e-12,0.311773691581359,1,0.64,2.90421921410003e-08,8,ENSG00000198865
ERCC-00009.3,1.01916915417382e-11,-0.50491633004214,1,0.999,1.78232301681917e-07,8,ERCC-00009
ERCC-00002.7,3.72738975293382e-11,-0.712282564880405,1,1,6.51845919993066e-07,8,ERCC-00002
ENSG00000185088.6,1.77908067552035e-09,0.273454994122106,1,1,3.11125628534999e-05,8,ENSG00000185088
ERCC-00113.5,4.62565885463077e-09,-0.605812395573818,1,1,8.0893522049783e-05,8,ERCC-00113
ERCC-00108.4,9.93043859518289e-09,-0.498760799340911,1,1,0.000173663510152558,8,ERCC-00108
ENSG00000154556.7,1.96025542753633e-08,-0.336598139393473,0.948,0.976,0.000342809469167553,8,ENSG00000154556
ERCC-00145.5,3.31651563132099e-08,-0.468237982099286,1,1,0.000579992253605414,8,ERCC-00145
ERCC-00046.4,5.82336007069633e-08,-0.615291036213115,1,1,0.00101838920916337,8,ERCC-00046
ERCC-00074.3,1.29778157664571e-07,-0.673012537878906,1,1,0.00226956042123801,8,ERCC-00074
ERCC-00003.4,2.00598081894548e-07,-0.554705981087501,1,1,0.00350805925617186,8,ERCC-00003
ERCC-00171.3,2.20725994242668e-07,-0.509075385515731,1,1,0.00386005618731578,8,ERCC-00171
ERCC-00111.4,4.56782245376802e-07,-0.395315553692441,0.974,0.989,0.00798820790714952,8,ERCC-00111
ERCC-00096.5,1.50068890163744e-06,-0.639026259857371,1,1,0.0262440475118356,8,ERCC-00096
ERCC-00043.5,2.13261946511507e-06,-0.452767331848546,1,0.997,0.0372952492059324,8,ERCC-00043
ERCC-00060.4,2.31006550283961e-06,-0.296864089087325,0.974,0.97,0.0403984255136592,8,ERCC-00060
ERCC-00130.5,2.88447858297583e-06,-0.606645746449947,1,1,0.0504437614590813,8,ERCC-00130
ERCC-00004.4,1.33170678140725e-05,-0.587204871974886,1,1,0.2328888819325,8,ERCC-00004
ERCC-00042.5,0.000113219552920844,-0.380839248474823,0.987,1,1,8,ERCC-00042
ERCC-00136.5,0.000931482508499625,-0.482133412742437,1,1,1,8,ERCC-00136
