gene,immune_cells,cor,p.value
SCOC,aDC,0.169595159990211,1.51247607764797e-05
SCOC,B.cells,-0.0824678230495998,0.0364118721472198
SCOC,CD8.T.cells,0.0988762146136215,0.0120568295281743
SCOC,Cytotoxic.cells,0.282522531841225,2.77214149689848e-13
SCOC,DC,0.0790158136899854,0.045023397632159
SCOC,Eosinophils,-0.0977316161314005,0.0130913538398662
SCOC,iDC,0.0927072251758986,0.0186153950345885
SCOC,Macrophages,-0.0813944727665305,0.0389254078451259
SCOC,Mast.cells,-0.102538229235877,0.00921589355595911
SCOC,Neutrophils,0.0712442345356367,0.0707997168882786
SCOC,NK.CD56bright.cells,0.425941855192207,9.06115396395095e-30
SCOC,NK.CD56dim.cells,0.182048427943796,3.32247772741895e-06
SCOC,NK.cells,0.231077222351973,2.971343133432e-09
SCOC,pDC,-0.0314890616848492,0.42501662794773
SCOC,T.cells,0.0496621787753501,0.208170106103516
SCOC,T.helper.cells,-0.261522551930106,1.56784387358522e-11
SCOC,Tcm,-0.236266058793396,1.2770455870493e-09
SCOC,Tem,0.0986044498722271,0.0122956860722108
SCOC,TFH,0.0447103454866036,0.257221087723566
SCOC,Tgd,-0.305610574694479,2.17418980338022e-15
SCOC,Th1.cells,0.0753529945982129,0.0559727737654963
SCOC,Th17.cells,0.126740662097098,0.00126822307700161
SCOC,Th2.cells,-0.202835533350986,2.08664813895923e-07
SCOC,TReg,0.24167882435586,5.18023352517449e-10
FAM198B,aDC,-0.0458277827300062,0.245507885971994
FAM198B,B.cells,-0.0431505153802281,0.274209752371156
FAM198B,CD8.T.cells,-0.0792098674229045,0.0444974885914496
FAM198B,Cytotoxic.cells,-0.0636891485685451,0.106365040151653
FAM198B,DC,-0.0606021228164041,0.124456480885641
FAM198B,Eosinophils,-0.0453835947945858,0.250118464142663
FAM198B,iDC,-0.0372043864062234,0.345868328679306
FAM198B,Macrophages,-0.0747561244252825,0.0579513282274206
FAM198B,Mast.cells,-0.0869825926908709,0.0272953943250276
FAM198B,Neutrophils,-0.0424619635200456,0.281947056502661
FAM198B,NK.CD56bright.cells,0.0484720114920897,0.219291528924368
FAM198B,NK.CD56dim.cells,0.0555752926666336,0.158926334029427
FAM198B,NK.cells,0.0267611812517579,0.497819430499111
FAM198B,pDC,-0.0502506101677347,0.202824790647852
FAM198B,T.cells,-0.0922163886620541,0.0192511117047952
FAM198B,T.helper.cells,-0.108987780104214,0.00562842039762193
FAM198B,Tcm,-0.0592041037827988,0.133399647934715
FAM198B,Tem,0.0326192077473882,0.408580367293354
FAM198B,TFH,-0.0189234826470142,0.631700945308959
FAM198B,Tgd,-0.0558648321648905,0.156763121400812
FAM198B,Th1.cells,-0.0614592934093483,0.119208319312595
FAM198B,Th17.cells,0.0722407432433074,0.0669369301045347
FAM198B,Th2.cells,-0.114890827254388,0.00350468137829141
FAM198B,TReg,-0.0539070123813497,0.171831470319888
GRAP2,aDC,-0.139828293483319,0.000372199039132283
GRAP2,B.cells,-0.0794868447269695,0.0437558114022457
GRAP2,CD8.T.cells,0.0482297713397226,0.221606307146367
GRAP2,Cytotoxic.cells,-0.14820857759377,0.000160219149924485
GRAP2,DC,-0.241095424224596,5.71535055279365e-10
GRAP2,Eosinophils,-0.116671643562135,0.00302511054273686
GRAP2,iDC,-0.245182310574953,2.8551032146924e-10
GRAP2,Macrophages,-0.283318956166045,2.3623585487049e-13
GRAP2,Mast.cells,-0.21401385931071,4.15399527018928e-08
GRAP2,Neutrophils,-0.229879892047566,3.6004009655621e-09
GRAP2,NK.CD56bright.cells,0.0811503997917733,0.0395170532565279
GRAP2,NK.CD56dim.cells,0.0322906084074266,0.413319982653853
GRAP2,NK.cells,0.122476163321202,0.00184701868535169
GRAP2,pDC,0.0180562971655845,0.647409041861782
GRAP2,T.cells,-0.218584857369604,2.09227635273715e-08
GRAP2,T.helper.cells,-0.104752803035017,0.00780278221847643
GRAP2,Tcm,0.0292089570956992,0.459325424407098
GRAP2,Tem,0.0266818313493273,0.499095329686998
GRAP2,TFH,-0.0942902411690525,0.016688300294849
GRAP2,Tgd,-0.181881522037369,3.39302806519083e-06
GRAP2,Th1.cells,-0.211331016604259,6.16933941665756e-08
GRAP2,Th17.cells,0.0495022490802263,0.209640363573611
GRAP2,Th2.cells,-0.214399320199454,3.92285156789359e-08
GRAP2,TReg,-0.0627027710611971,0.111904437242987
SYNPO2L,aDC,0.175855925337622,7.1530533512728e-06
SYNPO2L,B.cells,-0.0837887756965025,0.0335091429209439
SYNPO2L,CD8.T.cells,0.0410509214711319,0.298260814474089
SYNPO2L,Cytotoxic.cells,0.254394227191702,5.70223357463937e-11
SYNPO2L,DC,0.205184513132769,1.49745035939441e-07
SYNPO2L,Eosinophils,0.028296340857115,0.473479532733863
SYNPO2L,iDC,0.243977487423911,3.50792046358194e-10
SYNPO2L,Macrophages,0.0199915862522119,0.612579671839829
SYNPO2L,Mast.cells,0.0729625597962429,0.0642484354782633
SYNPO2L,Neutrophils,0.163229577022091,3.15194112126857e-05
SYNPO2L,NK.CD56bright.cells,0.294362519464782,2.43748075320395e-14
SYNPO2L,NK.CD56dim.cells,0.10151396702979,0.00994335489902026
SYNPO2L,NK.cells,0.162352869903194,3.47996711894156e-05
SYNPO2L,pDC,0.0882368799101593,0.0251416162455504
SYNPO2L,T.cells,0.0953360249261389,0.0155131884430444
SYNPO2L,T.helper.cells,-0.362924101049419,1.75640223360053e-21
SYNPO2L,Tcm,-0.425751261438165,9.66089499665516e-30
SYNPO2L,Tem,-0.0106125085416301,0.788083871970312
SYNPO2L,TFH,-0.0437383856951187,0.267719371572907
SYNPO2L,Tgd,-0.22604720492458,6.61040926673879e-09
SYNPO2L,Th1.cells,0.121644220688641,0.0019849265571692
SYNPO2L,Th17.cells,0.0993467844861762,0.01165293236933
SYNPO2L,Th2.cells,-0.192805154293896,8.23697499410636e-07
SYNPO2L,TReg,0.194176016635829,6.85604695196873e-07
SLC39A14,aDC,0.15318443156863,9.50507422067067e-05
SLC39A14,B.cells,-0.171243727174976,1.24501494032705e-05
SLC39A14,CD8.T.cells,0.107556287440334,0.00629321724566637
SLC39A14,Cytotoxic.cells,0.187221746078169,1.71590949387828e-06
SLC39A14,DC,0.00551495880038449,0.888910352640336
SLC39A14,Eosinophils,-0.0983548449372419,0.0125187408867141
SLC39A14,iDC,0.103804246510976,0.00838245273914276
SLC39A14,Macrophages,0.0381412611088036,0.333850087843872
SLC39A14,Mast.cells,0.0975779876762148,0.013236007477871
SLC39A14,Neutrophils,0.0444442732907516,0.26006622122818
SLC39A14,NK.CD56bright.cells,0.357036684293958,8.52038708209436e-21
SLC39A14,NK.CD56dim.cells,0.00141429357007657,0.971425057011236
SLC39A14,NK.cells,0.261019745540664,1.71955244379463e-11
SLC39A14,pDC,-0.0174514231708125,0.658459708146192
SLC39A14,T.cells,-0.00388520581319853,0.921611262331205
SLC39A14,T.helper.cells,-0.254399799837892,5.69656794697033e-11
SLC39A14,Tcm,-0.14145099540574,0.000317275936361788
SLC39A14,Tem,0.0595870446066109,0.130902022203149
SLC39A14,TFH,-0.0959422103351203,0.014865836548768
SLC39A14,Tgd,-0.161706843292233,3.74210843824718e-05
SLC39A14,Th1.cells,0.106852924853049,0.00664501969587566
SLC39A14,Th17.cells,0.0260956942817241,0.508573503719244
SLC39A14,Th2.cells,-0.144774681359812,0.000227565145160897
SLC39A14,TReg,0.10573328557342,0.00724151837474348
KIAA2026,aDC,0.0579298266188408,0.141976174715418
KIAA2026,B.cells,0.226665572363299,5.99751373267894e-09
KIAA2026,CD8.T.cells,0.141715471798004,0.000309076523099449
KIAA2026,Cytotoxic.cells,0.0768558134657108,0.0512384889330772
KIAA2026,DC,0.21613035564878,3.0294846314733e-08
KIAA2026,Eosinophils,0.123106116877561,0.00174849887848605
KIAA2026,iDC,0.31054270345208,7.28571081740115e-16
KIAA2026,Macrophages,0.242506608601494,4.5038194774698e-10
KIAA2026,Mast.cells,0.408355021870265,2.83072232803466e-27
KIAA2026,Neutrophils,0.0502405562173249,0.202915275237181
KIAA2026,NK.CD56bright.cells,0.0542877260704291,0.168819639940312
KIAA2026,NK.CD56dim.cells,0.0886512462649601,0.024463113772924
KIAA2026,NK.cells,0.441289655532889,4.53551420920849e-32
KIAA2026,pDC,0.213169366875048,4.70736374956442e-08
KIAA2026,T.cells,0.150391675661054,0.000127671527649453
KIAA2026,T.helper.cells,-0.109589231812131,0.00536848228141964
KIAA2026,Tcm,-0.084902463542249,0.0312175801034863
KIAA2026,Tem,0.275739058038924,1.06055703900412e-12
KIAA2026,TFH,0.291133817211692,4.78421532017562e-14
KIAA2026,Tgd,0.14327512550793,0.000264611749790165
KIAA2026,Th1.cells,0.0791746084146401,0.0445926585031709
KIAA2026,Th17.cells,-0.19383728711596,7.17494349513273e-07
KIAA2026,Th2.cells,-0.300271562631461,6.93814397346689e-15
KIAA2026,TReg,0.2786222890937,6.02303683882638e-13
TNFSF9,aDC,0.472088970901893,4.68260945164208e-37
TNFSF9,B.cells,-0.0750302661832922,0.057035494969899
TNFSF9,CD8.T.cells,0.198133296461315,4.00701651175135e-07
TNFSF9,Cytotoxic.cells,0.384021078619359,4.64814566296281e-24
TNFSF9,DC,0.187333425375033,1.69126292342999e-06
TNFSF9,Eosinophils,-0.0991659188026859,0.0118067330075756
TNFSF9,iDC,0.181375243037427,3.61590415124945e-06
TNFSF9,Macrophages,0.168910293691958,1.63894532773964e-05
TNFSF9,Mast.cells,0.0855378040410399,0.0299713935581249
TNFSF9,Neutrophils,0.118770452607288,0.00253700395902329
TNFSF9,NK.CD56bright.cells,0.216966734436207,2.67180766710654e-08
TNFSF9,NK.CD56dim.cells,0.135130120434957,0.000585295344196022
TNFSF9,NK.cells,0.225244521343661,7.49720690709849e-09
TNFSF9,pDC,0.149447084453455,0.00014090670031504
TNFSF9,T.cells,0.212956096456888,4.85801226793766e-08
TNFSF9,T.helper.cells,-0.212332203538709,5.3259688007077e-08
TNFSF9,Tcm,-0.271694342342594,2.31947308619641e-12
TNFSF9,Tem,0.0174627778307525,0.658251569039495
TNFSF9,TFH,-0.0220774931945979,0.575995418372912
TNFSF9,Tgd,-0.0619892225454914,0.116051323157613
TNFSF9,Th1.cells,0.288700757986311,7.90774573950646e-14
TNFSF9,Th17.cells,-0.0616055256111128,0.118330523056103
TNFSF9,Th2.cells,-0.080578568551249,0.0409330842743703
TNFSF9,TReg,0.247463621509542,1.92745993610954e-10
SP3,aDC,0.0695643560689961,0.0777230038461358
SP3,B.cells,-0.178489858926726,5.17879617050852e-06
SP3,CD8.T.cells,0.100323472285791,0.0108526523408224
SP3,Cytotoxic.cells,0.127783949828812,0.00115476005602633
SP3,DC,-0.0847652307657647,0.0314925046615809
SP3,Eosinophils,-0.223516445944523,9.81532902589172e-09
SP3,iDC,-0.00341238497629871,0.931125680240767
SP3,Macrophages,-0.00454735429961126,0.908306158779515
SP3,Mast.cells,0.051374711377653,0.192892071626717
SP3,Neutrophils,-0.0301093653909677,0.445595468653913
SP3,NK.CD56bright.cells,0.280984216968753,3.77023385963133e-13
SP3,NK.CD56dim.cells,-0.0720453899845444,0.0676802281000119
SP3,NK.cells,0.165339219861953,2.47856229050603e-05
SP3,pDC,-0.00876701641077605,0.824271861927795
SP3,T.cells,-0.0555028660152303,0.159470957021472
SP3,T.helper.cells,-0.210218412711611,7.25800793770236e-08
SP3,Tcm,-0.111872934882477,0.00447712213921134
SP3,Tem,-0.0290782516834778,0.461337962277483
SP3,TFH,-0.146089026371743,0.000199145716069459
SP3,Tgd,-0.0971166307722005,0.0136789211807478
SP3,Th1.cells,0.0554530632987219,0.159846272424955
SP3,Th17.cells,0.00275689060377807,0.944331949102196
SP3,Th2.cells,-0.0473039658080335,0.230613856129983
SP3,TReg,-0.00537929413489857,0.891626050220747
ARHGAP31,aDC,-0.0282388632955714,0.474378914344377
ARHGAP31,B.cells,0.0613467609632701,0.119887283989326
ARHGAP31,CD8.T.cells,0.0351662255554362,0.372950296524643
ARHGAP31,Cytotoxic.cells,-0.0528965360413332,0.180019671512044
ARHGAP31,DC,-0.0372713282038736,0.345000583216215
ARHGAP31,Eosinophils,0.0307668465525052,0.435718960384534
ARHGAP31,iDC,-0.035585028202525,0.367281102295886
ARHGAP31,Macrophages,-0.0169212174626733,0.668207929580001
ARHGAP31,Mast.cells,-0.0307378272755614,0.436152205880913
ARHGAP31,Neutrophils,-0.0312555572132298,0.428460005135284
ARHGAP31,NK.CD56bright.cells,-0.0673280376660221,0.0877826073522557
ARHGAP31,NK.CD56dim.cells,0.000665601643498466,0.986549689170151
ARHGAP31,NK.cells,-0.0300331638043317,0.446748321390345
ARHGAP31,pDC,0.018614669242002,0.637276236118062
ARHGAP31,T.cells,0.0244739003200611,0.535281329863322
ARHGAP31,T.helper.cells,0.0530784704448152,0.178524433788884
ARHGAP31,Tcm,0.140184410131012,0.000359436030666681
ARHGAP31,Tem,0.0285479470465717,0.469553552323098
ARHGAP31,TFH,0.0508623177281392,0.197374517077238
ARHGAP31,Tgd,0.0704620494029961,0.0739578668465871
ARHGAP31,Th1.cells,0.0394683105931306,0.317292460768702
ARHGAP31,Th17.cells,0.0604270121879983,0.125550416801177
ARHGAP31,Th2.cells,0.0298416978025438,0.449652467552721
ARHGAP31,TReg,0.0528941619306844,0.18003924444571
PNPT1,aDC,0.0216988987106233,0.582558594103902
PNPT1,B.cells,-0.201131595023051,2.64798677401578e-07
PNPT1,CD8.T.cells,-0.0699560638571632,0.0760613629986705
PNPT1,Cytotoxic.cells,-0.0044020533177744,0.911223747424021
PNPT1,DC,-0.185942368419367,2.02398516652047e-06
PNPT1,Eosinophils,-0.30115804695063,5.73175465286925e-15
PNPT1,iDC,-0.121681382583713,0.00197857052202692
PNPT1,Macrophages,-0.249689685704479,1.30866321367828e-10
PNPT1,Mast.cells,-0.227571975805897,5.19769281924991e-09
PNPT1,Neutrophils,-0.172004447155745,1.13738544595373e-05
PNPT1,NK.CD56bright.cells,0.308977888865782,1.03297794907972e-15
PNPT1,NK.CD56dim.cells,0.114648745891059,0.00357494955521614
PNPT1,NK.cells,0.18981598678755,1.22340727089644e-06
PNPT1,pDC,-0.181172058153353,3.70923196450861e-06
PNPT1,T.cells,-0.189744101503654,1.23500724477691e-06
PNPT1,T.helper.cells,-0.239404212442233,7.5889177312476e-10
PNPT1,Tcm,-0.24756875112142,1.89269498656855e-10
PNPT1,Tem,-0.137944721046995,0.000447028721329258
PNPT1,TFH,-0.143705595495041,0.000253437132013898
PNPT1,Tgd,-0.304224682057348,2.94517359016135e-15
PNPT1,Th1.cells,-0.171183624153938,1.25391971784237e-05
PNPT1,Th17.cells,0.0642014645379323,0.103574743722539
PNPT1,Th2.cells,-0.0521610150858625,0.186159278128857
PNPT1,TReg,0.0105891073274275,0.788540075289592
