"","cellnumber","orig.ident","celltype","cluster"
"1",0,"AEH","Ciliated epithelial cells","cluster  0"
"2",0,"AEH","Endothelial cells","cluster  0"
"3",1938,"AEH","Lymphocytes","cluster  0"
"4",0,"AEH","Macrophages","cluster  0"
"5",0,"AEH","Smooth muscle cells","cluster  0"
"6",0,"AEH","Stromal fibroblasts","cluster  0"
"7",3,"AEH","Unciliated epithelial cells","cluster  0"
"8",11,"AEH","Ciliated epithelial cells","cluster  1"
"9",0,"AEH","Endothelial cells","cluster  1"
"10",1,"AEH","Lymphocytes","cluster  1"
"11",0,"AEH","Macrophages","cluster  1"
"12",0,"AEH","Smooth muscle cells","cluster  1"
"13",0,"AEH","Stromal fibroblasts","cluster  1"
"14",2713,"AEH","Unciliated epithelial cells","cluster  1"
"15",0,"AEH","Ciliated epithelial cells","cluster  2"
"16",1165,"AEH","Endothelial cells","cluster  2"
"17",0,"AEH","Lymphocytes","cluster  2"
"18",0,"AEH","Macrophages","cluster  2"
"19",0,"AEH","Smooth muscle cells","cluster  2"
"20",0,"AEH","Stromal fibroblasts","cluster  2"
"21",0,"AEH","Unciliated epithelial cells","cluster  2"
"22",0,"AEH","Ciliated epithelial cells","cluster  3"
"23",0,"AEH","Endothelial cells","cluster  3"
"24",0,"AEH","Lymphocytes","cluster  3"
"25",0,"AEH","Macrophages","cluster  3"
"26",1,"AEH","Smooth muscle cells","cluster  3"
"27",854,"AEH","Stromal fibroblasts","cluster  3"
"28",0,"AEH","Unciliated epithelial cells","cluster  3"
"29",0,"AEH","Ciliated epithelial cells","cluster  4"
"30",0,"AEH","Endothelial cells","cluster  4"
"31",520,"AEH","Lymphocytes","cluster  4"
"32",0,"AEH","Macrophages","cluster  4"
"33",0,"AEH","Smooth muscle cells","cluster  4"
"34",0,"AEH","Stromal fibroblasts","cluster  4"
"35",0,"AEH","Unciliated epithelial cells","cluster  4"
"36",0,"AEH","Ciliated epithelial cells","cluster  5"
"37",0,"AEH","Endothelial cells","cluster  5"
"38",0,"AEH","Lymphocytes","cluster  5"
"39",0,"AEH","Macrophages","cluster  5"
"40",958,"AEH","Smooth muscle cells","cluster  5"
"41",0,"AEH","Stromal fibroblasts","cluster  5"
"42",0,"AEH","Unciliated epithelial cells","cluster  5"
"43",0,"AEH","Ciliated epithelial cells","cluster  6"
"44",0,"AEH","Endothelial cells","cluster  6"
"45",297,"AEH","Lymphocytes","cluster  6"
"46",0,"AEH","Macrophages","cluster  6"
"47",0,"AEH","Smooth muscle cells","cluster  6"
"48",0,"AEH","Stromal fibroblasts","cluster  6"
"49",0,"AEH","Unciliated epithelial cells","cluster  6"
"50",596,"AEH","Ciliated epithelial cells","cluster  7"
"51",0,"AEH","Endothelial cells","cluster  7"
"52",0,"AEH","Lymphocytes","cluster  7"
"53",0,"AEH","Macrophages","cluster  7"
"54",0,"AEH","Smooth muscle cells","cluster  7"
"55",0,"AEH","Stromal fibroblasts","cluster  7"
"56",0,"AEH","Unciliated epithelial cells","cluster  7"
"57",0,"AEH","Ciliated epithelial cells","cluster  8"
"58",0,"AEH","Endothelial cells","cluster  8"
"59",0,"AEH","Lymphocytes","cluster  8"
"60",90,"AEH","Macrophages","cluster  8"
"61",0,"AEH","Smooth muscle cells","cluster  8"
"62",0,"AEH","Stromal fibroblasts","cluster  8"
"63",0,"AEH","Unciliated epithelial cells","cluster  8"
"64",0,"AEH","Ciliated epithelial cells","cluster  9"
"65",0,"AEH","Endothelial cells","cluster  9"
"66",82,"AEH","Lymphocytes","cluster  9"
"67",0,"AEH","Macrophages","cluster  9"
"68",0,"AEH","Smooth muscle cells","cluster  9"
"69",0,"AEH","Stromal fibroblasts","cluster  9"
"70",0,"AEH","Unciliated epithelial cells","cluster  9"
"71",0,"AEH","Ciliated epithelial cells","cluster  10"
"72",0,"AEH","Endothelial cells","cluster  10"
"73",75,"AEH","Lymphocytes","cluster  10"
"74",0,"AEH","Macrophages","cluster  10"
"75",0,"AEH","Smooth muscle cells","cluster  10"
"76",0,"AEH","Stromal fibroblasts","cluster  10"
"77",0,"AEH","Unciliated epithelial cells","cluster  10"
"78",0,"AEH","Ciliated epithelial cells","cluster  11"
"79",0,"AEH","Endothelial cells","cluster  11"
"80",36,"AEH","Lymphocytes","cluster  11"
"81",0,"AEH","Macrophages","cluster  11"
"82",0,"AEH","Smooth muscle cells","cluster  11"
"83",0,"AEH","Stromal fibroblasts","cluster  11"
"84",0,"AEH","Unciliated epithelial cells","cluster  11"
"85",0,"AEH","Ciliated epithelial cells","cluster  12"
"86",0,"AEH","Endothelial cells","cluster  12"
"87",19,"AEH","Lymphocytes","cluster  12"
"88",0,"AEH","Macrophages","cluster  12"
"89",0,"AEH","Smooth muscle cells","cluster  12"
"90",0,"AEH","Stromal fibroblasts","cluster  12"
"91",0,"AEH","Unciliated epithelial cells","cluster  12"
"92",0,"AEH","Ciliated epithelial cells","cluster  13"
"93",0,"AEH","Endothelial cells","cluster  13"
"94",0,"AEH","Lymphocytes","cluster  13"
"95",0,"AEH","Macrophages","cluster  13"
"96",0,"AEH","Smooth muscle cells","cluster  13"
"97",131,"AEH","Stromal fibroblasts","cluster  13"
"98",0,"AEH","Unciliated epithelial cells","cluster  13"
"99",0,"AEH","Ciliated epithelial cells","cluster  14"
"100",35,"AEH","Endothelial cells","cluster  14"
"101",0,"AEH","Lymphocytes","cluster  14"
"102",0,"AEH","Macrophages","cluster  14"
"103",0,"AEH","Smooth muscle cells","cluster  14"
"104",0,"AEH","Stromal fibroblasts","cluster  14"
"105",0,"AEH","Unciliated epithelial cells","cluster  14"
"106",0,"EEC","Ciliated epithelial cells","cluster  0"
"107",0,"EEC","Endothelial cells","cluster  0"
"108",5842,"EEC","Lymphocytes","cluster  0"
"109",0,"EEC","Macrophages","cluster  0"
"110",0,"EEC","Smooth muscle cells","cluster  0"
"111",0,"EEC","Stromal fibroblasts","cluster  0"
"112",0,"EEC","Unciliated epithelial cells","cluster  0"
"113",8,"EEC","Ciliated epithelial cells","cluster  1"
"114",0,"EEC","Endothelial cells","cluster  1"
"115",0,"EEC","Lymphocytes","cluster  1"
"116",0,"EEC","Macrophages","cluster  1"
"117",0,"EEC","Smooth muscle cells","cluster  1"
"118",0,"EEC","Stromal fibroblasts","cluster  1"
"119",976,"EEC","Unciliated epithelial cells","cluster  1"
"120",0,"EEC","Ciliated epithelial cells","cluster  2"
"121",517,"EEC","Endothelial cells","cluster  2"
"122",0,"EEC","Lymphocytes","cluster  2"
"123",0,"EEC","Macrophages","cluster  2"
"124",0,"EEC","Smooth muscle cells","cluster  2"
"125",0,"EEC","Stromal fibroblasts","cluster  2"
"126",0,"EEC","Unciliated epithelial cells","cluster  2"
"127",0,"EEC","Ciliated epithelial cells","cluster  3"
"128",0,"EEC","Endothelial cells","cluster  3"
"129",0,"EEC","Lymphocytes","cluster  3"
"130",0,"EEC","Macrophages","cluster  3"
"131",1,"EEC","Smooth muscle cells","cluster  3"
"132",1201,"EEC","Stromal fibroblasts","cluster  3"
"133",0,"EEC","Unciliated epithelial cells","cluster  3"
"134",0,"EEC","Ciliated epithelial cells","cluster  4"
"135",0,"EEC","Endothelial cells","cluster  4"
"136",486,"EEC","Lymphocytes","cluster  4"
"137",0,"EEC","Macrophages","cluster  4"
"138",0,"EEC","Smooth muscle cells","cluster  4"
"139",0,"EEC","Stromal fibroblasts","cluster  4"
"140",0,"EEC","Unciliated epithelial cells","cluster  4"
"141",0,"EEC","Ciliated epithelial cells","cluster  5"
"142",0,"EEC","Endothelial cells","cluster  5"
"143",0,"EEC","Lymphocytes","cluster  5"
"144",0,"EEC","Macrophages","cluster  5"
"145",604,"EEC","Smooth muscle cells","cluster  5"
"146",0,"EEC","Stromal fibroblasts","cluster  5"
"147",0,"EEC","Unciliated epithelial cells","cluster  5"
"148",0,"EEC","Ciliated epithelial cells","cluster  6"
"149",0,"EEC","Endothelial cells","cluster  6"
"150",801,"EEC","Lymphocytes","cluster  6"
"151",0,"EEC","Macrophages","cluster  6"
"152",0,"EEC","Smooth muscle cells","cluster  6"
"153",0,"EEC","Stromal fibroblasts","cluster  6"
"154",0,"EEC","Unciliated epithelial cells","cluster  6"
"155",52,"EEC","Ciliated epithelial cells","cluster  7"
"156",0,"EEC","Endothelial cells","cluster  7"
"157",0,"EEC","Lymphocytes","cluster  7"
"158",0,"EEC","Macrophages","cluster  7"
"159",0,"EEC","Smooth muscle cells","cluster  7"
"160",0,"EEC","Stromal fibroblasts","cluster  7"
"161",0,"EEC","Unciliated epithelial cells","cluster  7"
"162",0,"EEC","Ciliated epithelial cells","cluster  8"
"163",0,"EEC","Endothelial cells","cluster  8"
"164",0,"EEC","Lymphocytes","cluster  8"
"165",432,"EEC","Macrophages","cluster  8"
"166",0,"EEC","Smooth muscle cells","cluster  8"
"167",0,"EEC","Stromal fibroblasts","cluster  8"
"168",0,"EEC","Unciliated epithelial cells","cluster  8"
"169",0,"EEC","Ciliated epithelial cells","cluster  9"
"170",0,"EEC","Endothelial cells","cluster  9"
"171",471,"EEC","Lymphocytes","cluster  9"
"172",0,"EEC","Macrophages","cluster  9"
"173",0,"EEC","Smooth muscle cells","cluster  9"
"174",0,"EEC","Stromal fibroblasts","cluster  9"
"175",0,"EEC","Unciliated epithelial cells","cluster  9"
"176",0,"EEC","Ciliated epithelial cells","cluster  10"
"177",0,"EEC","Endothelial cells","cluster  10"
"178",297,"EEC","Lymphocytes","cluster  10"
"179",0,"EEC","Macrophages","cluster  10"
"180",0,"EEC","Smooth muscle cells","cluster  10"
"181",0,"EEC","Stromal fibroblasts","cluster  10"
"182",0,"EEC","Unciliated epithelial cells","cluster  10"
"183",0,"EEC","Ciliated epithelial cells","cluster  11"
"184",0,"EEC","Endothelial cells","cluster  11"
"185",210,"EEC","Lymphocytes","cluster  11"
"186",0,"EEC","Macrophages","cluster  11"
"187",0,"EEC","Smooth muscle cells","cluster  11"
"188",0,"EEC","Stromal fibroblasts","cluster  11"
"189",0,"EEC","Unciliated epithelial cells","cluster  11"
"190",0,"EEC","Ciliated epithelial cells","cluster  12"
"191",0,"EEC","Endothelial cells","cluster  12"
"192",83,"EEC","Lymphocytes","cluster  12"
"193",0,"EEC","Macrophages","cluster  12"
"194",0,"EEC","Smooth muscle cells","cluster  12"
"195",0,"EEC","Stromal fibroblasts","cluster  12"
"196",0,"EEC","Unciliated epithelial cells","cluster  12"
"197",0,"EEC","Ciliated epithelial cells","cluster  13"
"198",0,"EEC","Endothelial cells","cluster  13"
"199",0,"EEC","Lymphocytes","cluster  13"
"200",0,"EEC","Macrophages","cluster  13"
"201",0,"EEC","Smooth muscle cells","cluster  13"
"202",12,"EEC","Stromal fibroblasts","cluster  13"
"203",0,"EEC","Unciliated epithelial cells","cluster  13"
"204",0,"EEC","Ciliated epithelial cells","cluster  14"
"205",40,"EEC","Endothelial cells","cluster  14"
"206",0,"EEC","Lymphocytes","cluster  14"
"207",0,"EEC","Macrophages","cluster  14"
"208",0,"EEC","Smooth muscle cells","cluster  14"
"209",0,"EEC","Stromal fibroblasts","cluster  14"
"210",0,"EEC","Unciliated epithelial cells","cluster  14"
"211",0,"HC","Ciliated epithelial cells","cluster  0"
"212",0,"HC","Endothelial cells","cluster  0"
"213",1193,"HC","Lymphocytes","cluster  0"
"214",0,"HC","Macrophages","cluster  0"
"215",0,"HC","Smooth muscle cells","cluster  0"
"216",0,"HC","Stromal fibroblasts","cluster  0"
"217",0,"HC","Unciliated epithelial cells","cluster  0"
"218",614,"HC","Ciliated epithelial cells","cluster  1"
"219",0,"HC","Endothelial cells","cluster  1"
"220",0,"HC","Lymphocytes","cluster  1"
"221",0,"HC","Macrophages","cluster  1"
"222",0,"HC","Smooth muscle cells","cluster  1"
"223",1,"HC","Stromal fibroblasts","cluster  1"
"224",668,"HC","Unciliated epithelial cells","cluster  1"
"225",1,"HC","Ciliated epithelial cells","cluster  2"
"226",888,"HC","Endothelial cells","cluster  2"
"227",0,"HC","Lymphocytes","cluster  2"
"228",0,"HC","Macrophages","cluster  2"
"229",0,"HC","Smooth muscle cells","cluster  2"
"230",0,"HC","Stromal fibroblasts","cluster  2"
"231",0,"HC","Unciliated epithelial cells","cluster  2"
"232",0,"HC","Ciliated epithelial cells","cluster  3"
"233",0,"HC","Endothelial cells","cluster  3"
"234",0,"HC","Lymphocytes","cluster  3"
"235",0,"HC","Macrophages","cluster  3"
"236",0,"HC","Smooth muscle cells","cluster  3"
"237",437,"HC","Stromal fibroblasts","cluster  3"
"238",0,"HC","Unciliated epithelial cells","cluster  3"
"239",0,"HC","Ciliated epithelial cells","cluster  4"
"240",0,"HC","Endothelial cells","cluster  4"
"241",1159,"HC","Lymphocytes","cluster  4"
"242",0,"HC","Macrophages","cluster  4"
"243",0,"HC","Smooth muscle cells","cluster  4"
"244",0,"HC","Stromal fibroblasts","cluster  4"
"245",0,"HC","Unciliated epithelial cells","cluster  4"
"246",0,"HC","Ciliated epithelial cells","cluster  5"
"247",0,"HC","Endothelial cells","cluster  5"
"248",0,"HC","Lymphocytes","cluster  5"
"249",0,"HC","Macrophages","cluster  5"
"250",575,"HC","Smooth muscle cells","cluster  5"
"251",0,"HC","Stromal fibroblasts","cluster  5"
"252",0,"HC","Unciliated epithelial cells","cluster  5"
"253",0,"HC","Ciliated epithelial cells","cluster  6"
"254",0,"HC","Endothelial cells","cluster  6"
"255",81,"HC","Lymphocytes","cluster  6"
"256",0,"HC","Macrophages","cluster  6"
"257",0,"HC","Smooth muscle cells","cluster  6"
"258",0,"HC","Stromal fibroblasts","cluster  6"
"259",0,"HC","Unciliated epithelial cells","cluster  6"
"260",377,"HC","Ciliated epithelial cells","cluster  7"
"261",0,"HC","Endothelial cells","cluster  7"
"262",0,"HC","Lymphocytes","cluster  7"
"263",0,"HC","Macrophages","cluster  7"
"264",0,"HC","Smooth muscle cells","cluster  7"
"265",0,"HC","Stromal fibroblasts","cluster  7"
"266",0,"HC","Unciliated epithelial cells","cluster  7"
"267",0,"HC","Ciliated epithelial cells","cluster  8"
"268",0,"HC","Endothelial cells","cluster  8"
"269",0,"HC","Lymphocytes","cluster  8"
"270",62,"HC","Macrophages","cluster  8"
"271",0,"HC","Smooth muscle cells","cluster  8"
"272",0,"HC","Stromal fibroblasts","cluster  8"
"273",0,"HC","Unciliated epithelial cells","cluster  8"
"274",0,"HC","Ciliated epithelial cells","cluster  9"
"275",0,"HC","Endothelial cells","cluster  9"
"276",22,"HC","Lymphocytes","cluster  9"
"277",0,"HC","Macrophages","cluster  9"
"278",0,"HC","Smooth muscle cells","cluster  9"
"279",0,"HC","Stromal fibroblasts","cluster  9"
"280",0,"HC","Unciliated epithelial cells","cluster  9"
"281",0,"HC","Ciliated epithelial cells","cluster  10"
"282",0,"HC","Endothelial cells","cluster  10"
"283",43,"HC","Lymphocytes","cluster  10"
"284",0,"HC","Macrophages","cluster  10"
"285",0,"HC","Smooth muscle cells","cluster  10"
"286",0,"HC","Stromal fibroblasts","cluster  10"
"287",0,"HC","Unciliated epithelial cells","cluster  10"
"288",0,"HC","Ciliated epithelial cells","cluster  11"
"289",0,"HC","Endothelial cells","cluster  11"
"290",89,"HC","Lymphocytes","cluster  11"
"291",0,"HC","Macrophages","cluster  11"
"292",0,"HC","Smooth muscle cells","cluster  11"
"293",0,"HC","Stromal fibroblasts","cluster  11"
"294",0,"HC","Unciliated epithelial cells","cluster  11"
"295",0,"HC","Ciliated epithelial cells","cluster  12"
"296",0,"HC","Endothelial cells","cluster  12"
"297",84,"HC","Lymphocytes","cluster  12"
"298",0,"HC","Macrophages","cluster  12"
"299",0,"HC","Smooth muscle cells","cluster  12"
"300",0,"HC","Stromal fibroblasts","cluster  12"
"301",0,"HC","Unciliated epithelial cells","cluster  12"
"302",0,"HC","Ciliated epithelial cells","cluster  13"
"303",0,"HC","Endothelial cells","cluster  13"
"304",0,"HC","Lymphocytes","cluster  13"
"305",0,"HC","Macrophages","cluster  13"
"306",0,"HC","Smooth muscle cells","cluster  13"
"307",35,"HC","Stromal fibroblasts","cluster  13"
"308",0,"HC","Unciliated epithelial cells","cluster  13"
"309",0,"HC","Ciliated epithelial cells","cluster  14"
"310",27,"HC","Endothelial cells","cluster  14"
"311",0,"HC","Lymphocytes","cluster  14"
"312",0,"HC","Macrophages","cluster  14"
"313",0,"HC","Smooth muscle cells","cluster  14"
"314",0,"HC","Stromal fibroblasts","cluster  14"
"315",0,"HC","Unciliated epithelial cells","cluster  14"
