Gene_name,Control1,Control2,Control3,Treat1,Treat2,Treat3
HSPB11,26.623466,21.615425,13.463866,16.486864,16.060949,17.465746
SRSF11,1.854543,1.465497,0.999349,1.562061,1.304120,1.961083
ZRANB2,2.509249,1.380249,0.638656,0.996579,1.634362,1.240435
ODF2L,0.191475,0.106128,0.064125,0.097756,0.100405,0.101128
RPL5,8.708465,9.665560,9.998042,11.407354,9.680460,10.569594
SARS,39.253391,27.616093,18.000708,23.878456,25.250666,22.064638
PSMA5,9.205293,7.370872,5.954154,5.565976,5.169223,7.403206
DENND2D,5.095675,4.322187,3.416721,4.577209,5.028498,5.208418
ATP5F1,87.651749,67.738136,28.928024,69.563995,77.604065,70.103264
ATP1A1,8.352884,8.894047,5.975278,8.378485,5.450051,8.151481
CD2,0.045763,0.010656,0.019434,0.018860,0.043386,0.029841
ANP32E,5.013658,5.161514,5.699027,4.023182,2.679229,4.477022
CTSS,3.641752,2.932762,0.823984,1.429027,1.752853,1.975928
THEM4,4.676261,3.262305,5.342909,2.483851,3.457502,3.944992
S100A10,4.753474,7.168103,10.741871,5.132893,4.694495,4.956097
S100A11,8.061760,8.519287,5.994925,6.761618,6.316136,7.260657
S100A9,2.279762,2.885798,1.743742,2.122585,1.783411,2.328239
S100A8,4.327527,3.903838,1.995709,3.986186,3.026748,4.052563
ILF2,4.877378,4.895078,4.350260,4.210949,3.206575,4.401865
RPS27,4.171442,2.725496,3.460922,2.013295,2.071970,2.285482
HAX1,0.011275,0.015199,0.000000,0.000000,0.000252,0.000000
PBXIP1,0.000000,0.000844,0.000000,0.001701,0.004627,0.003757
KRTCAP2,1.372999,1.300160,1.464670,1.445733,1.340663,1.365188
FDPS,9.692337,8.871056,6.570746,9.014935,7.332655,8.684790
DAP3,56.058788,39.872913,16.453314,39.722023,39.842918,35.870491
MNDA,3.715311,2.419773,5.527081,2.405959,1.869704,2.725660
PYHIN1,6.095995,6.413033,7.185629,6.460753,5.701399,6.864115
CD84,2.169242,2.902763,5.791102,4.581048,3.595878,4.111033
CD48,0.130935,0.137150,0.013518,0.183669,0.115188,0.061376
LY9,6.844436,8.401076,0.275311,3.729684,1.008909,2.886752
PFDN2,0.750655,1.096732,0.454510,0.945024,0.730293,0.684944
UFC1,0.205723,0.413287,0.179285,0.740317,0.958904,0.591594
SDHC,0.084818,0.070850,0.000000,0.011213,0.014353,0.042034
FCGR3B,0.638935,1.175534,1.472116,1.559066,1.129508,0.980588
MGST3,0.070032,0.033888,0.029165,0.016480,0.032490,0.029727
TMCO1,5.799427,5.643573,4.389503,6.251031,4.022745,6.459845
CD247,1.608987,1.077533,0.520116,0.322249,1.118603,1.361091
PRDX6,13.311022,9.545193,6.199443,10.119913,9.004189,8.806206
CACYBP,0.976588,1.670859,4.074053,2.211086,1.519524,2.026189
RGS2,1.331965,1.405364,3.140345,1.846034,1.567449,1.695475
SNRPE,11.034571,9.442373,5.245797,7.674000,6.957748,7.643343
NUCKS1,20.724539,32.023964,37.125175,31.843121,25.526461,23.466446
RAB29,14.200280,8.865245,6.644388,7.232918,7.605278,8.091863
FCMR,4.281109,5.396284,2.963504,4.468721,3.482134,4.161105
TRAF3IP3,2.951524,1.501719,0.866827,0.752008,0.733310,1.124585
EPRS,8.254395,7.471104,3.864835,4.155190,5.568993,3.738344
CAPN2,2.768763,1.810683,0.652399,1.746080,2.400874,2.243873
SRP9,1.338939,0.780157,0.052983,0.076140,1.330066,0.960094
TMEM63A,7.266129,5.742241,7.649715,4.544803,4.257811,8.131561
H3F3A,1.830685,1.964612,2.918580,1.956991,1.410723,1.852588
PARP1,67.210320,62.533722,38.001049,68.421410,78.940811,71.105972
TOMM20,0.120959,0.083302,0.020333,0.071366,0.041021,0.073831
COX20,0.151375,0.118359,0.020294,0.109536,0.170896,0.038966
ACP1,4.206091,3.149903,1.016925,1.892761,2.567299,2.557620
RPS7,5.733657,5.379841,3.513829,5.749644,3.812970,5.384171
IAH1,18.461184,14.978453,13.709460,16.965038,15.111630,15.155524
YWHAQ,17.198162,16.431530,8.817065,15.736429,14.670100,15.832888
ODC1,5.333320,4.389693,4.509242,4.790724,4.352570,4.738405
PDIA6,76.529465,62.256737,29.263372,53.201984,54.520264,53.999210
HADHA,23.710615,22.225927,14.259932,30.885201,34.305885,19.439756
OST4,0.165786,0.134976,0.016069,0.112268,0.079308,0.120535
ATRAID,0.016650,0.006667,0.052512,0.026329,0.025663,0.018166
SNX17,10.203758,11.459474,10.113569,10.727180,9.257968,11.530834
PPM1G,7.682390,5.697261,4.171255,5.500748,4.944921,6.118487
SRSF7,7.137205,6.815403,5.025329,4.568807,5.108556,4.218615
COX7A2L,3.955133,2.775569,0.660588,1.869807,2.275154,2.752971
RPS27A,0.454298,0.617843,0.519715,0.540271,0.231132,0.248231
CCT4,3.372405,2.394581,2.216905,2.773262,3.528266,2.558230
AAK1,52.424145,37.778996,31.800510,39.992455,41.642078,34.382599
SNRPG,0.485749,0.260768,0.112584,0.227559,0.215403,0.340070
CCT7,1.206517,0.415772,0.067628,0.655032,0.307427,0.224250
DGUOK,0.218764,0.090968,0.032009,0.075019,0.000000,0.036785
AUP1,4.210188,4.767195,6.816226,5.858547,5.213502,5.467368
POLE4,15.476759,12.738650,14.792996,11.681952,9.624759,10.810255
TMSB10,4.884621,5.808569,4.256186,6.058019,6.193021,5.459369
VAMP8,0.912979,0.312589,0.009187,0.006601,0.011301,0.010355
VAMP5,19.829767,21.764601,19.448166,21.992073,21.129503,23.815596
MAL,1.619791,0.945097,0.301012,2.334525,0.924248,1.187209
DUSP2,0.737191,0.428786,0.289408,0.539236,0.363338,0.584951
ZAP70,1.296469,0.843001,0.522067,0.600991,0.652947,0.823644
MGAT4A,1.007480,0.675568,0.255771,0.341460,0.520892,0.469865
EIF5B,11.706330,13.233772,9.348841,11.181652,9.113017,12.655081
RPL31,15.185005,16.374908,18.948185,17.070501,12.546562,16.232815
NCK2,0.130986,0.037294,0.057023,0.000000,0.043165,0.018075
GCC2,98.251007,98.173126,68.309326,90.918465,82.250404,91.846375
LIMS1,0.824907,0.573936,0.171056,0.467334,0.484141,0.467973
LINC00116,2.412674,2.984563,7.524187,4.164020,4.013078,3.491570
DDX18,10.304029,10.942683,8.161381,12.152615,10.689683,11.206800
DBI,0.140108,0.012884,0.044834,0.006635,0.028049,0.008438
PTPN4,46.331959,36.636333,19.638618,36.755455,40.958717,33.210613
NIFK,3.102648,2.364209,3.298285,2.575573,2.384685,2.286788
GYPC,27.507345,21.509893,16.032852,15.905365,19.884098,18.460218
BIN1,11.442023,12.971770,6.324472,10.655182,12.115610,4.463138
MZT2B,18.998989,12.699533,8.647477,13.663321,16.181791,12.058252
MZT2A,9.467162,6.820801,8.510000,6.717833,6.316136,6.804207
ARL5A,4.884390,6.706048,4.223164,6.863214,11.270543,6.008997
GCA,12.364032,13.254166,12.312376,14.032660,11.225622,12.043274
METTL5,4.645696,10.429469,14.764499,14.633326,9.852139,12.626393
ATP5G3,0.883898,1.064595,0.674713,1.164172,0.788978,1.033128
HNRNPA3,31.276379,35.725410,31.601700,28.422661,25.311287,22.590597
ITGA4,6.491549,9.087343,5.073375,9.011231,7.570544,9.194901
ZC3H15,4.330392,6.246628,5.520121,6.487548,5.039754,5.740758
ORMDL1,0.238456,0.234880,0.035747,0.118353,0.126131,0.032447
GLS,9.698668,2.077777,1.545850,2.897607,4.318376,3.383985
HSPD1,0.055636,0.183534,0.134610,0.066438,0.114279,0.105494
NOP58,0.723257,0.444662,0.614453,1.251448,0.369586,1.262276
RPL37A,18.072794,16.766121,18.789923,15.400499,14.385018,14.781413
PNKD,27.643780,28.160135,17.543741,25.872904,25.713453,26.254120
NCL,0.000000,0.003123,0.000000,0.003041,0.007684,4.037637
PTMA,0.066964,0.024469,0.008039,0.010394,0.009622,0.030398
ARL4C,0.037638,0.071176,0.023910,0.073936,0.076283,0.028580
NDUFA10,2.710595,1.912662,0.626237,1.304913,1.595978,2.371089
MYEOV2,10.632075,12.542923,11.398250,12.260114,10.555323,11.023273
RNPEPL1,0.363133,0.150281,0.150015,0.126895,0.070359,0.478933
MTERF4,509.682495,339.247803,138.375702,188.776184,211.532043,189.295807
PPP1R7,34.330902,29.399551,20.369740,24.866743,25.494593,27.940767
CRBN,11.667231,11.107692,13.184992,10.756598,9.418936,11.612412
RPL32,16.680925,9.203580,4.051766,6.946993,7.150871,10.476505
NUP210,10.379357,7.798940,6.958080,6.890712,9.061078,11.016035
SATB1,0.003819,0.005051,0.211400,0.008669,0.006610,0.003731
RPL15,4.980365,5.170332,1.892447,3.593463,2.855247,3.655945
CMC1,0.452133,0.329367,0.421297,0.403837,0.270486,0.205060
STT3B,91.941551,85.595512,77.007545,79.508629,78.544868,76.431267
RPSA,0.008156,0.054489,0.000000,0.009580,0.006381,0.010464
RPL14,2.826377,2.681094,0.780016,2.050631,1.382406,1.780871
SS18L2,0.145319,0.165389,0.279400,0.178661,0.110117,0.176385
NKTR,10.452679,12.203951,18.016493,13.272049,11.283068,13.060964
CCDC12,0.099156,0.073582,0.023643,0.322564,0.303653,0.614330
NDUFAF3,2.537281,2.307159,1.145890,1.462856,1.496865,1.487604
RBM6,0.027604,0.018143,0.043393,0.034154,0.029049,0.000000
CISH,8.534089,7.869600,6.673852,7.685133,5.681820,10.547033
MANF,32.819878,37.678921,39.118408,36.041206,27.119532,35.419659
TEX264,23.303467,20.240294,15.332792,20.108759,18.984241,17.770084
ABHD14B,8.527462,11.326693,17.674189,10.885358,12.275912,14.926083
RPL29,1.266268,1.286981,0.669981,1.180602,0.938384,1.372442
SPCS1,0.399175,0.533344,0.622415,0.808864,0.605998,0.806767
CCDC66,4.436907,4.016839,3.088194,3.666316,3.810098,3.973129
ARHGEF3,10.605667,8.930106,8.109886,7.599476,6.633487,6.595202
ARL6IP5,1.370693,1.180390,0.465832,0.896232,0.856102,1.226411
CLDND1,0.028956,0.031942,0.000000,0.029590,0.017355,0.105442
PCNP,1.090847,0.894976,0.182259,0.825116,0.682006,0.546520
RPL24,20.534372,20.037708,11.839613,16.105974,16.091675,18.856024
CD47,0.138528,0.301206,0.043562,0.202290,0.144130,0.049708
TRAT1,7.641982,6.870079,4.156183,6.039955,5.107201,6.763659
CD96,6.151789,7.624128,3.646312,6.905929,5.937830,6.287813
NDUFB4,7.765837,8.790321,6.913151,6.586122,6.586767,6.576609
MRPL3,6.447479,6.568336,5.168599,8.481251,8.338615,7.140617
NCK1,11.739014,9.987368,12.882642,6.591776,5.242639,8.209045
ZBTB38,0.139770,0.489670,0.060827,0.094008,0.100833,0.077574
RNF7,13.413221,12.807515,9.902908,13.219797,12.377138,12.974949
ATP1B3,2.880299,4.301406,4.216076,4.074750,3.306988,4.248025
U2SURP,0.512163,0.413101,0.129001,0.102271,0.055568,0.350906
EIF2A,1.924586,2.465562,3.197975,2.243817,3.079091,1.964697
DHX36,0.284095,0.187916,0.000000,0.089989,0.292317,0.199451
SSR3,32.806068,35.436100,25.131649,37.891979,37.632217,34.232658
RPL22L1,51.840836,64.228279,28.977650,59.599857,49.167149,50.391487
NDUFB5,25.622232,23.482157,9.609601,23.179190,23.458364,19.224369
TTC14,7.848001,3.371319,1.163520,4.246314,4.875683,3.337031
DNAJC19,1.165226,1.352939,0.112227,0.279637,0.440002,0.346654
PSMD2,1135.575806,794.440247,118.015541,479.490784,525.286438,453.581451
TRA2B,1.528731,1.948819,1.357313,0.764024,0.745124,0.854587
EIF4A2,1.098968,0.998943,0.417402,0.895444,0.976702,1.237293
NCBP2,1.809114,2.146354,0.657805,1.986585,1.314288,2.280001
NCBP2-AS2,8.445628,10.081665,6.830875,8.382938,6.810126,10.163891
RPL35A,13.598628,10.793282,7.243871,10.508657,13.189363,11.703310
MXD4,5.466295,7.337774,8.317750,6.724632,5.581310,7.235520
MFSD10,21.401745,14.131178,7.934092,9.782560,10.689529,12.525098
LYAR,15.999743,16.251793,9.974790,14.959951,14.289910,14.333733
NSG1,31.650158,21.546072,6.693811,18.768965,21.555119,16.666040
BLOC1S4,6.135041,5.442092,2.580674,6.736334,6.266510,6.691374
RFC1,5.254348,5.855733,3.046038,5.102272,4.503251,4.905790
RPL9,0.0,0.002354,0.048746,0.028707,0.019745,0.028133
RHOH,6.159956,6.582100,2.308752,5.538368,4.857745,7.284072
OCIAD1,5.183701,5.528855,5.940468,5.484622,4.648649,5.499769
OCIAD2,0.785737,0.269638,0.142888,0.434938,0.659401,0.500120
SRP72,13.817411,11.717476,10.590846,11.985271,11.029627,12.162169
HOPX,21.922926,19.096388,14.101777,17.347183,17.287832,19.247452
DCK,18.402037,19.029270,14.053745,21.254246,21.443596,19.311668
HNRNPD,45.790844,40.210831,26.275331,43.782681,53.079384,43.127033
HNRNPDL,9.192370,13.665626,4.774207,13.985282,12.943686,12.616600
PLAC8,37.660591,29.721569,24.559135,32.439346,29.375652,25.885874
PPM1K,13.285235,12.420407,5.620719,6.237740,4.716363,9.242726
PYURF,32.215553,35.159203,26.547743,41.089020,60.806065,43.812256
ADH5,3.521433,6.205947,3.414566,6.520090,5.745094,4.258096
AIMP1,1.715719,1.812233,0.744341,0.921797,1.126890,0.983065
LEF1,8.043404,8.785058,2.865674,9.025185,11.262765,6.767583
RPL34,3.224236,3.960284,3.139101,4.094883,3.036622,3.522287
OSTC,7.502182,8.481206,10.461432,10.979934,10.182796,10.476604
CCDC109B,4.976039,5.249348,5.816904,5.570951,5.096799,5.865840
SNHG8,2.407258,2.190700,2.243936,2.148263,2.238754,3.095083
INPP4B,19.820984,17.368011,9.019757,11.080437,10.875900,13.162670
LSM6,6.485382,7.432032,6.226264,7.882101,6.641657,7.598477
RPS3A,41.399471,33.076523,21.897310,36.095829,42.080296,32.498852
SDHA,2.253618,1.655648,0.758611,1.250062,1.291559,1.433585
CLPTM1L,0.056103,0.072978,0.000000,0.043721,0.039948,0.037834
NDUFS6,6.557275,6.783261,6.757086,9.835789,5.485769,5.620289
MED10,171.233719,157.722397,205.254700,184.411179,176.771545,165.828613
DNAJC21,115.228020,101.202736,232.055817,100.137093,86.434456,80.477173
RPL37,3.943188,3.739612,3.142235,3.350215,2.700540,3.849169
ANXA2R,1.697259,1.588913,1.815848,0.856465,0.638252,1.654909
GZMK,5.834907,5.950187,4.913997,7.426952,4.096106,6.934109
GZMA,18.700829,19.184103,7.514633,13.409275,16.097994,14.673146
KIF2A,5.245330,3.693183,3.208632,2.886685,3.286047,3.771072
PIK3R1,11.900063,13.512025,7.304144,13.396877,12.852904,13.226063
TAF9,0.056431,0.056234,0.008632,0.019262,0.082354,0.055351
BDP1,0.988508,1.095954,1.179397,1.375137,1.644009,0.793862
BTF3,358.129333,298.928375,246.571457,303.725250,246.900208,320.924072
NSA2,7.263619,9.545614,9.920771,8.034714,7.981895,8.511919
TBCA,1.637255,1.186740,0.430179,0.674416,1.081076,1.388413
RPS23,18.819460,19.586502,12.386299,16.594269,18.500704,16.095003
COX7C,17.680847,14.008524,7.340264,8.554553,10.906021,11.247559
CAST,127.164101,94.213196,52.313778,99.748444,115.287476,84.727661
ERAP2,4.297668,3.292235,3.582306,3.864468,2.846882,3.908282
CAMK4,6.421274,5.860900,2.183825,5.574703,6.619627,4.783792
EPB41L4A-AS1,17.174963,14.305537,10.801466,16.314207,13.510959,15.508229
TNFAIP8,8.043915,9.942188,9.347602,11.278981,9.839823,10.775926
HINT1,0.156531,0.253318,0.238580,0.181270,0.145296,0.044272
VDAC1,5.772692,5.287734,8.372173,5.812362,4.174356,6.023458
TCF7,6.893517,4.827506,1.270612,1.897934,2.342170,2.944601
HNRNPA0,0.118329,0.055492,0.102546,0.115205,0.076183,0.086381
HSPA9,41.405922,34.402168,17.956242,36.188313,30.154972,34.716625
TMEM173,9.051741,7.937016,9.296021,8.733474,9.761574,7.173903
PURA,16.758352,14.437532,14.954641,17.042418,16.717783,16.148142
NDFIP1,31.502928,26.922619,15.514769,29.775312,32.149689,25.024643
CD74,10.953624,7.258960,3.787151,3.290647,3.946793,5.811419
RPS14,17.971493,18.311497,18.462147,16.874859,14.226054,19.940220
ANXA6,57.157612,49.003883,45.170696,62.142445,63.227333,55.813404
G3BP1,10.069365,8.494113,5.616267,7.186081,7.026941,7.262395
ITK,39.016243,40.437031,40.938488,37.511353,37.468792,32.255516
CCNG1,4.701154,3.540706,2.342382,1.950390,2.739016,3.308489
NUDCD2,10.500179,8.598390,7.017058,7.363168,6.356243,8.865963
NPM1,7.475863,5.272700,3.713845,9.501732,4.887802,6.301294
HIGD2A,5.381831,6.832546,4.514077,6.233216,4.820215,4.417903
TMED9,19.030382,18.786390,21.237514,18.386801,15.927644,20.020039
NHP2,31.486448,34.074039,39.835285,34.847710,31.616377,38.220848
CANX,13.211772,11.634235,10.829656,12.943444,12.168983,11.887652
GNB2L1,27.918150,24.438471,20.228016,16.455591,17.038071,20.598940
PRPF4B,78.847198,74.186867,57.775330,71.812965,63.090191,72.002708
TMEM14C,2.355624,2.219226,1.703166,2.443532,1.934837,2.561388
TMEM14B,10.744031,10.083712,7.549899,8.161129,7.469661,8.483082
NOL7,0.510212,0.327852,0.299186,0.204538,0.261314,0.190865
MRPS18B,0.636234,0.435152,0.352578,0.711023,0.643385,0.612810
TUBB,3.023796,2.030668,1.728349,1.657193,1.634245,2.098220
LST1,6.501971,5.776272,5.013324,3.759418,3.478488,4.996179
LSM2,0.058637,0.053898,0.100016,0.097856,0.187039,0.073130
C6orf48,0.351654,0.249643,0.272779,0.099445,0.265934,0.270911
ATF6B,0.656227,0.937648,0.451685,0.366203,0.425493,0.634089
HLA-DRB1,13.219874,15.891584,11.509133,13.868168,12.161837,12.846779
HLA-DPA1,4.828279,5.682420,3.806819,5.788744,5.126820,5.422708
HLA-DPB1,3.170050,3.622264,3.559710,2.628951,2.751036,2.520878
RPS18,5.838055,6.076633,3.323990,5.528957,6.155390,5.681126
PHF1,75.019928,61.509697,62.913746,58.710308,56.201233,67.665604
CUTA,3.965132,3.249968,3.337121,2.749136,2.868544,2.648451
HMGA1,72.556763,50.518513,35.026421,31.275183,37.333595,50.689793
RPS10,1.359808,1.624176,1.170941,1.084605,0.717414,1.191816
SNRPC,0.123569,0.205773,0.000000,0.164526,0.176038,0.089676
PIM1,2.180273,2.050603,2.144003,1.773185,1.825454,1.924492
CCND3,12.764013,11.537276,10.385497,9.380893,8.144640,11.735383
RPL7L1,0.737066,0.469115,0.155377,0.295030,0.387364,0.440388
MRPL14,0.178050,0.151382,0.000000,0.038426,0.102300,0.033601
HSP90AB1,3.839989,3.541892,2.358731,3.242289,3.866217,3.255625
EEF1A1,0.064543,0.814915,0.042582,0.030212,0.064586,0.018331
HMGN3,11.610926,12.456875,7.174281,10.328768,9.687245,10.423558
SYNCRIP,2.275232,5.603857,2.476482,4.805246,5.214627,4.940794
PNISR,6.808796,7.126797,4.483150,6.307686,5.872272,6.572848
GTF3C6,81.012840,51.367031,27.726316,48.666531,53.720177,45.065437
HDDC2,18.828365,15.244664,9.243733,16.751305,16.420914,12.714899
SAMD3,7.165145,5.182439,3.938326,4.292078,4.687642,4.788622
RPS12,42.372833,31.961975,11.515565,30.434994,39.799870,30.454399
ABRACL,0.040545,0.000000,0.000000,0.033609,0.032120,0.017036
CITED2,9.595956,9.385985,4.577141,6.757043,7.158461,7.564020
PHACTR2,12.673683,11.663528,9.463116,11.756530,13.459477,11.381398
SF3B5,37.027061,29.789795,25.479996,28.734268,26.280884,33.520405
SYNE1,9.158590,7.283121,3.357049,5.395023,4.921994,5.753659
GTF2H5,10.507133,7.572190,4.321281,7.895555,9.763777,7.798575
EZR,26.799271,23.765335,16.242035,18.858358,17.657700,23.125332
SOD2,0.191442,0.216549,0.117719,0.335171,0.198088,0.375989
TCP1,0.078445,0.054980,0.063018,0.027913,0.026547,0.060170
MRPL18,5.082216,5.313368,3.071296,3.920793,3.659836,4.540277
PSMB1,4.877653,3.487935,2.459507,3.517729,2.659590,3.525687
PDCD2,7.548783,6.415232,3.492303,7.307579,6.518150,7.064846
EIF3B,3.075790,2.598477,2.942504,2.944400,2.110602,3.196969
CHST12,2.297967,3.142157,1.988602,2.635430,2.079636,3.006476
RPA3,11.653594,11.396536,10.162293,9.948835,10.203808,9.347806
NDUFA4,1.949840,2.727354,0.897782,0.978928,1.612378,4.586248
TOMM7,5.937041,5.833570,3.907135,5.381377,5.584658,4.328654
CYCS,9.298491,9.619681,9.773801,14.939566,15.226213,14.048091
LSM5,42.491360,34.778572,26.645706,33.220566,31.957914,34.721550
TRGC2,9.019979,9.183181,5.573848,7.945273,9.270992,8.728745
MPLKIP,3.343021,3.638529,4.284907,3.491041,4.373210,3.365984
PSMA2,128.117126,92.469185,39.958229,68.652390,79.610550,119.959396
TMED4,3.795003,3.999644,3.432743,4.277751,3.386270,3.908072
PPIA,0.022102,0.000000,0.001213,0.019021,0.000000,0.000094
SUMF2,17.864368,6.019856,3.861397,9.735686,6.974681,5.538861
CHCHD2,6.058990,5.324533,8.172840,6.494863,5.236803,6.950461
SBDS,19.058813,14.955494,13.394168,18.781143,17.863890,16.061174
BCL7B,7.324503,7.237364,5.123816,7.221086,8.039944,6.721227
WBSCR22,32.280140,25.576004,13.950330,21.947824,20.570328,24.074444
MDH2,3.073397,3.548288,4.644655,3.029366,2.238019,3.639855
HSPB1,12.660000,9.016160,3.411591,8.210559,8.077278,7.759418
TMEM243,0.987274,0.155071,0.146065,0.246081,0.332443,0.265403
SRI,0.626460,0.812445,0.424838,1.306136,0.571757,0.812071
AKAP9,18.483622,15.486880,11.153328,14.639038,15.401816,14.321806
SHFM1,2.328096,3.763000,4.819265,4.066124,2.515842,3.795273
COPS6,9.476614,8.491372,5.744300,8.283053,7.840390,7.497481
PPP1R35,11.508143,10.700492,10.863379,9.886896,8.056772,10.824953
POLR2J3,8.610410,6.628736,7.295053,5.411548,4.523420,6.095020
PMPCB,3.775792,3.091061,1.731971,3.323192,2.454344,3.626284
SYPL1,52.493572,45.580994,47.999878,43.733006,41.677933,49.530479
NAMPT,0.616330,0.266233,1.497049,0.183191,0.197661,0.294701
MDFIC,1.932147,1.520847,2.330000,1.949267,1.695431,1.546212
LSM8,0.375211,0.640195,0.946111,0.595702,0.702117,0.798208
NDUFA5,2.213322,3.912694,1.424291,3.628708,2.540443,4.341741
ATP6V1F,4.785019,2.583089,2.007710,4.180885,4.280382,3.228465
RP11-138A9.2,12.541257,12.506243,4.567935,11.829862,12.035343,12.973519
AKR1B1,17.468630,15.593439,8.864809,12.775693,12.742860,14.319833
AC090498.1,5.532458,4.824937,4.754014,5.208707,4.418480,4.755377
NDUFB2,0.460892,0.470853,0.523965,0.441946,0.267201,0.544987
SSBP1,2.369935,3.915142,5.552464,4.626119,4.480561,3.921045
TRBC1,0.662492,0.285163,0.357983,0.459576,0.278567,0.371540
TRBC2,5.839248,6.629434,7.455843,5.556034,4.786444,6.108738
GSTK1,2.692332,2.568487,3.841599,2.358345,4.079278,3.672070
GIMAP7,7.993452,9.055264,5.455339,8.510007,9.450734,7.102976
GIMAP4,6.084133,6.197095,6.357342,6.073472,5.049242,6.461854
GIMAP6,0.283121,0.689075,0.716559,0.461850,0.653250,0.736425
GIMAP2,47.586578,52.416115,32.250549,54.672291,54.318226,48.410786
GIMAP1,7.684228,6.491243,4.783125,9.353183,8.162339,7.521137
SLC25A6,59.250992,49.176105,20.298120,38.387535,37.503326,34.294189
P2RY8,85.850029,65.232040,29.328459,63.103947,68.444923,54.871387
CD99,11.229811,12.992771,13.851495,15.362488,14.059655,12.394854
OFD1,0.408404,0.218316,0.203678,1.020748,0.155097,0.314732
RBBP7,9.634920,20.315956,25.541241,18.674259,14.924838,16.222120
EIF1AX,6.942270,6.639064,6.653075,7.691613,7.796642,7.494596
SAT1,3.771181,4.195843,3.001837,4.294109,4.196414,4.277064
NDUFB11,19.706116,12.074866,4.589827,9.264565,10.764956,10.391845
UXT,13.388421,13.958203,12.856873,12.202563,11.226389,13.321766
RBM3,3.424973,6.218078,5.783569,10.016416,9.312803,9.599975
PQBP1,0.013703,0.011216,0.123777,0.009293,0.033058,0.019800
LINC01420,502.467926,471.177734,272.123352,466.500031,448.843018,444.823639
IGBP1,13.020300,11.515218,3.863150,9.492706,8.261970,7.301817
NONO,53.158951,39.898956,25.632877,39.776482,44.812737,35.547401
CXCR3,2.152725,1.558397,1.357104,1.646515,1.199289,1.639140
RPS4X,0.154966,0.174620,0.002229,0.118356,0.182332,0.173655
ITM2A,0.589078,0.563135,0.177056,0.653121,0.524143,0.853328
RPL36A,0.087095,0.018441,0.130731,0.054031,0.065089,0.063258
TCEAL8,62.892658,50.237598,56.779869,57.374233,58.460510,51.279251
SLC25A5,8.915532,9.843193,11.048000,10.075170,9.257339,8.704293
44445,2.237598,1.420180,0.758535,1.712739,1.586023,0.928180
RPL39,8.249288,9.812182,5.296487,11.375809,9.726026,8.383498
SH2D1A,1.496159,2.814158,6.843988,9.212543,3.034217,5.752118
CD40LG,1.439507,1.509997,0.725489,1.140206,1.271459,1.119669
RBMX,10.068830,13.680774,5.069630,12.854732,12.153749,11.536201
IDH3G,1.797806,0.785919,0.186667,0.154604,0.451244,0.387151
SSR4,8.828558,10.584276,8.557055,8.801087,8.621036,9.081861
FLNA,9.413224,6.771587,4.580203,5.187190,5.754586,6.546001
RPL10,0.431428,0.558359,0.553279,0.948209,1.002594,0.843842
FUNDC2,0.313783,0.299452,0.164959,0.249004,0.624386,0.155582
PCM1,4.797402,11.753063,4.756283,9.726952,6.402166,9.866227
DOK2,6.723473,9.289498,4.616687,7.981795,6.421147,7.308722
SLC25A37,2.750429,2.755134,1.900314,2.599189,2.583832,2.363202
LEPROTL1,16.559401,17.455685,20.368105,17.351841,16.392204,19.036966
VDAC3,1.330604,1.385256,0.347067,0.447829,0.285677,0.249483
FNTA,4.528878,5.128173,2.255460,4.379364,4.547738,5.125590
TCEA1,25.471123,15.513046,5.523354,15.053871,14.651421,13.598730
TRAM1,8.788177,7.902127,3.798673,7.659632,7.206995,9.475302
RPL7,7.764555,9.203123,5.624550,6.989399,6.472764,8.164501
C8orf59,2.443753,1.405656,0.351497,0.966472,1.225831,1.496199
UQCRB,14.497415,23.046343,24.350695,24.502344,19.916569,18.094728
MTDH,0.347625,0.679763,0.682895,0.735819,0.663478,0.521779
RPL30,19.357151,12.744626,14.792208,15.449302,13.348550,13.926821
COX6C,2.162475,2.852316,0.848915,3.049176,2.121319,2.482416
POLR2K,7.238724,7.500111,4.795290,6.978042,6.718177,6.782616
ZNF706,1.965223,1.227581,0.875499,1.862536,1.857947,0.845558
EIF3E,2.007146,1.454733,0.312301,1.269891,1.273574,1.561829
EIF3H,7.284567,8.379499,5.154812,6.318529,5.581453,6.220742
NDUFB9,4.833703,3.899910,4.348089,5.019724,5.941426,4.115837
LINC00861,6.995206,8.153299,5.443376,9.349765,7.477406,8.514658
MYC,8.848161,9.949876,5.158461,8.786486,8.531663,8.687349
LY6E,1.815678,2.507513,2.005302,2.182587,1.923799,2.374428
EEF1D,9.913424,8.728378,4.877014,6.150013,5.765734,10.304885
PUF60,8.148170,6.425563,3.289276,9.254088,8.085506,7.408137
CYC1,18.611084,16.195908,8.474182,15.651841,16.155855,17.824432
MAF1,36.548950,27.922146,12.849529,27.830973,26.128443,22.733923
RPL8,0.355935,0.349805,0.837282,0.304702,0.234311,0.406167
PSIP1,6.885450,6.359774,3.474076,7.624639,5.660455,8.142950
RPS6,3.492520,3.783494,3.136359,4.881661,3.560364,4.276124
AQP3,27.742804,23.238873,9.085761,22.119051,23.577078,19.363146
SIT1,6.515826,10.995335,5.248912,8.692120,9.781326,10.185978
CCDC107,8.231011,6.145165,4.642676,5.292387,4.492219,5.536564
CLTA,21.317921,21.571131,14.357332,23.994396,21.411551,25.592857
ANXA1,100.840416,75.791809,48.842064,84.215469,81.245102,63.341103
NMRK1,0.035943,0.061613,0.038562,0.067008,0.034541,0.055563
SUSD3,11.269860,7.666037,5.170137,7.925968,7.053508,9.147182
ANP32B,95.861740,63.474380,44.779194,74.490837,74.840553,31.638760
CNTRL,4.869428,3.675952,1.564312,3.790106,3.335310,3.604654
STOM,6.670943,8.845563,7.874297,8.098207,6.513846,7.405423
PSMB7,6.072947,8.315487,11.851001,8.740245,6.923282,7.083269
RPL35,16.712133,15.973352,7.975739,19.037167,35.284348,15.202290
ARPC5L,9.369625,11.991399,11.150658,11.318015,11.151671,9.492373
RPL12,16.724415,15.695698,17.066637,16.078997,13.523201,16.701637
FAM102A,1.996190,0.748293,1.083581,1.539083,1.240285,1.964256
C9orf16,6.666058,6.036066,8.465664,6.128226,7.059908,5.900575
SPTAN1,9.455297,10.102788,4.545907,9.401049,10.056473,8.565008
SET,44.595211,37.099453,21.184906,33.615108,41.790833,33.599476
C9orf78,5.511343,5.706422,3.705783,6.907355,6.336185,6.591718
RPL7A,1.498518,1.791950,4.138532,0.882180,0.863043,0.532234
SNHG7,6.946735,10.947413,9.069993,12.059887,11.765766,19.269140
PHPT1,0.611337,0.145687,0.078832,0.502617,1.137370,0.029540
EDF1,5.220803,3.768993,2.742817,4.290100,3.186924,4.422035
FBXW5,52.882828,37.603115,25.628656,46.971680,36.641354,33.135689
C9orf142,14.382976,13.610820,9.993951,11.735188,10.294783,13.746413
DPP7,13.868938,13.794005,8.393202,15.235549,11.846222,14.501134
SSNA1,22.322432,16.287001,9.062459,13.796762,15.459077,18.304178
TMEM203,1.105403,1.485517,1.385985,1.647547,1.176369,2.128344
MRPL41,41.373859,34.055748,11.020423,39.548790,42.774593,40.550961
IFITM2,28.948730,13.430974,12.097745,15.497852,18.361355,8.726734
SIGIRR,6.618307,4.664618,3.366794,2.974361,2.956651,3.424614
RNH1,2.830441,2.084821,1.278321,1.117114,1.433895,1.636025
RPLP2,8.635625,8.025155,7.527913,8.715320,7.575127,8.860746
POLR2L,3.803764,4.166926,5.270298,5.958497,5.820148,3.889042
CD81,17.688520,24.539782,17.353010,27.108137,23.797546,23.396307
NAP1L4,1.075344,0.374233,0.502531,0.784636,0.613880,0.864515
EIF3F,9.678135,9.287508,4.220009,6.680183,8.237682,8.632167
RPL27A,24.702957,23.727034,12.912801,23.349802,22.206255,22.547792
TMEM9B,30.675926,24.870173,16.490498,24.243086,29.611601,24.406977
PSMA1,16.105328,12.144320,7.307068,14.430492,14.966730,12.047444
C11orf58,1.110879,1.006150,1.607699,2.191946,0.892881,1.698091
RPS13,0.365931,0.282677,0.162254,0.158949,0.143375,0.205555
NUCB2,28.282681,22.821932,14.137764,23.212088,28.512421,21.055756
LDHA,2.598499,4.303972,3.434443,3.666570,3.505554,3.767710
SVIP,0.172632,0.131885,0.125803,0.125479,0.124321,0.072360
EIF3M,24.271235,25.146749,27.376532,25.375227,28.230801,21.668736
DGKZ,53.574059,42.308163,24.448860,40.843246,44.408215,34.666367
PSMC3,11.814854,9.785114,8.140400,12.426239,12.532160,10.374792
FNBP4,7.093542,3.787311,1.244031,3.518842,4.286745,3.667271
C11orf31,8.223392,7.851244,7.806421,8.348620,6.403216,7.055822
LPXN,24.578613,22.834745,14.147229,19.058878,18.979382,20.229801
CD6,14.650206,16.108280,23.949009,21.088907,15.633721,20.171225
CD5,10.259456,9.117920,6.420566,8.837559,8.089162,8.810449
FTH1,21.016705,17.437248,7.661018,16.748611,16.130539,17.547642
AHNAK,38.447754,32.044529,10.636282,35.913940,41.087406,34.170368
UBXN1,1.779999,1.819849,1.102368,1.848509,1.292608,1.302450
POLR2G,2.045010,1.918464,0.884602,1.523689,1.287047,1.038682
SLC3A2,23.793959,20.931246,13.392374,15.653652,16.295801,20.260826
RARRES3,5.496089,4.734989,2.189891,3.362588,4.153143,4.632555
VEGFB,0.020865,0.070734,0.051249,0.000000,0.020240,0.031875
FKBP2,6.150921,3.647964,3.693716,5.317721,7.475928,3.729642
PPP1R14B,8.875855,8.964730,4.695688,6.251415,5.025889,6.521860
TRMT112,5.603014,5.995936,3.530811,4.762848,5.214592,5.515592
VPS51,15.227112,12.299442,6.904972,10.306217,9.401182,9.544255
NEAT1,7.531415,5.369975,4.141407,8.440677,7.382127,6.163276
RNASEH2C,18.436291,17.512171,12.962103,14.928885,14.300073,15.222252
CTSW,1.593938,2.585982,1.901796,1.642148,1.387726,1.815281
CCDC85B,6.306115,6.164398,3.375448,5.188663,4.410587,5.251759
BANF1,8.712808,6.653552,3.237971,6.836056,6.168011,5.792809
MRPL11,0.547895,0.459110,0.291700,0.574568,0.341662,0.529671
TBC1D10C,13.797189,18.506037,7.033969,19.780655,10.843843,13.741708
CORO1B,2.200836,2.358423,0.802462,1.757429,1.019321,0.706958
TMEM134,10.982529,9.837317,5.453339,9.202168,7.416160,9.745122
AIP,6.009971,4.202486,3.749308,4.247776,4.345494,4.039392
CDK2AP2,6.783339,6.500837,6.078637,7.044562,7.186900,6.429770
GSTP1,0.521636,0.218470,0.124465,0.114766,0.167404,0.213398
NDUFV1,4.572048,4.317020,2.534759,2.778832,2.405927,3.584067
NDUFS8,11.160410,8.661661,5.265504,12.963091,13.594867,7.113691
UCP2,7.948312,6.671504,8.308540,6.730632,6.879956,7.465610
SPCS2,1.815328,1.210702,0.571794,0.828553,0.731154,1.002837
RPS3,0.931113,0.749284,0.398040,0.454803,0.441112,0.556075
CLNS1A,3.911732,2.893018,3.032174,3.743855,3.372757,5.149620
NDUFC2,1.912524,2.129699,2.013941,2.086665,1.775258,1.818409
C11orf73,4.540639,4.437605,1.525819,4.162523,2.840567,6.954943
TAF1D,4.549840,5.907920,5.017593,6.776203,7.172417,6.024041
SRSF8,7.094167,3.888806,2.514789,3.151473,2.898692,1.549952
CEP57,21.142376,29.174309,17.592102,25.887810,23.251665,25.593346
BIRC3,20.443668,25.568933,14.791183,34.080795,30.815624,32.675388
ATM,12.907236,34.889889,38.074451,28.090145,10.036655,14.705185
FDX1,8.956289,8.810362,4.109238,7.058844,7.331959,8.210477
REXO2,11.549398,12.139629,8.640586,13.477747,13.602823,14.139515
PCSK7,11.773294,7.681087,5.952765,6.613308,6.225006,9.208566
IL10RA,19.940659,18.732040,17.830948,18.675646,15.534538,19.330175
CD3E,0.854793,0.849924,0.303242,0.705749,0.768890,0.920797
CD3D,17.602827,16.812231,8.256425,8.794836,6.805747,8.215538
CD3G,766.243347,435.481262,146.215958,397.140808,314.880524,364.413300
KMT2A,0.726377,0.517197,0.083932,0.092179,0.175656,0.252182
RPS25,22.368242,27.676743,21.069555,17.007538,19.955568,19.475245
TRAPPC4,6.761096,6.180440,4.722972,5.762512,5.383159,7.337703
HSPA8,31.864677,27.887669,23.102688,26.643068,27.409878,30.847198
ETS1,44.485260,32.098446,14.549356,17.886322,22.526051,31.992273
THYN1,13.607940,15.533879,10.846642,18.215525,13.889802,16.125147
RBM17,11.313183,8.920356,5.046157,8.685966,7.632835,8.284576
ATP5C1,143.198044,152.489929,73.174789,120.401077,132.296799,123.092934
GATA3,23.403641,20.448324,12.837497,21.285040,19.554081,19.308683
OPTN,81.871727,58.990875,12.612073,35.038692,39.376049,48.145119
PIP4K2A,10.740725,11.590751,3.706265,13.423253,13.539191,11.004749
ITGB1,26.877104,27.852072,14.120951,27.478102,22.924200,25.948542
HNRNPF,1.036954,1.184887,0.730754,1.272159,0.983404,1.109788
ARID5B,100.133957,79.186417,37.790844,78.973602,70.847443,70.206726
SRGN,24.327076,22.755211,10.662428,24.205418,18.743633,22.278976
PPA1,3.537411,3.892653,3.915329,3.670384,2.876694,3.409448
PRF1,3.037551,2.875700,2.265992,2.626613,2.264704,2.625428
SPOCK2,17.263081,15.347862,16.491943,17.923277,14.639808,14.846539
ANAPC16,11.405323,16.457014,12.274449,16.279083,14.390008,14.339679
VDAC2,7.360232,7.105287,5.085803,6.093266,6.535783,7.413723
RPS24,7.208802,5.592082,10.341171,11.449814,8.483231,10.811721
CCSER2,4.358856,5.175314,4.324389,4.695784,3.891091,4.547649
NDUFB8,22.632309,15.528056,9.489552,13.092693,14.827116,15.424983
MRPL43,10.934777,10.954822,11.814140,9.968463,8.263635,11.372171
SMC3,28.047335,25.719189,12.869788,29.141708,35.070805,34.360325
EIF3A,2.910703,1.085516,0.395562,1.945985,1.614740,1.588463
RGS10,3.897656,3.984824,3.206336,4.865651,4.004340,2.915797
PLEKHA1,14.204309,12.100059,11.807504,13.680836,13.640509,15.409459
BUB3,16.790897,14.787279,6.252088,13.725397,13.489850,15.173998
MGMT,0.948770,0.738756,0.363789,0.745376,0.487594,0.254398
CCND2,5.619887,5.379041,2.617705,5.870932,4.967197,6.139392
CD27,15.785764,19.108147,36.790527,21.795527,22.701086,19.346586
CD4,2.211418,2.473852,1.920527,2.325619,2.046212,2.700726
C12orf57,8.771617,10.961707,7.916376,9.531079,8.778186,8.992723
PHB2,14.862015,14.894895,13.831475,15.974795,14.093767,14.260152
M6PR,13.971441,13.410648,10.170796,11.708241,11.416945,12.660218
KLRG1,23.962099,23.220360,10.478876,21.461382,20.861862,16.757635
KLRB1,0.155295,0.131803,0.643148,0.655963,0.843387,0.075590
CLEC2D,13.496055,12.898676,5.322840,15.164632,12.258588,12.313370
CD69,6.426945,5.335371,7.014042,4.509749,4.558649,4.368253
STRAP,0.803819,1.858335,3.692089,2.234554,2.989326,2.113083
LDHB,0.623929,0.363081,0.236317,0.349508,0.298069,0.339814
CCDC91,18.091274,16.949457,5.903519,16.488735,14.188330,16.249878
PPHLN1,11.938422,10.540999,8.380365,9.397441,8.253104,10.045411
SLC38A1,11.063047,7.358820,3.181859,5.359751,5.695773,5.364948
PCED1B,9.724256,10.798561,17.536795,11.613596,8.193067,12.359591
FKBP11,0.025857,0.075281,0.052773,0.061177,0.089481,0.037192
COX14,10.634833,12.202426,11.522721,9.731035,9.962389,9.789180
EIF4B,9.893137,9.175412,6.466012,8.060690,7.087072,7.774919
ITGB7,30.504484,24.809706,18.096910,21.509081,21.096497,24.396097
PFDN5,3.567021,3.502482,2.213382,2.803313,2.606135,3.065511
ATP5G2,5.429253,4.933224,2.911266,5.503571,4.389945,6.829266
HNRNPA1,1.054802,1.016314,0.570316,1.058032,0.943641,1.012640
COPZ1,1.396475,1.022613,0.143389,1.099455,0.742053,0.842429
TESPA1,20.610620,21.162283,20.364679,21.976227,22.242781,22.165430
DGKA,33.150963,23.429155,14.720580,23.288004,18.929304,25.050053
PA2G4,8.025958,11.216112,9.671772,10.452503,7.601393,8.495147
ESYT1,157.444977,106.107773,85.716629,98.308174,126.755142,109.236351
CNPY2,5.855823,4.770905,1.971255,3.947223,4.071705,4.512755
ATP5B,18.283600,17.219263,12.082076,16.695160,13.978168,19.647156
PTGES3,7.539894,7.698330,11.113807,7.449782,6.244199,8.909169
NACA,0.738461,0.789756,0.583527,0.792045,0.731309,0.932111
44264,4.529933,3.644270,3.693902,2.758924,2.650324,3.440235
DYRK2,10.449262,6.462167,3.175534,6.158068,5.643401,5.135458
RAP1B,21.452087,19.543354,12.467685,17.522356,17.577463,18.985802
CCT2,13.186969,10.093534,5.603388,12.799588,11.090717,10.122218
KRR1,470.873199,318.932556,160.248901,288.210999,368.534271,314.919647
NAP1L1,23.009083,23.386768,15.014486,21.641151,19.953644,24.176300
NDUFA12,20.682981,21.515472,8.856996,20.538073,19.718506,21.676388
METAP2,17.982380,17.334538,11.213570,16.648003,16.322258,18.500090
SNRPF,7.641063,5.686088,4.444772,5.619873,5.882732,6.056093
TMPO,2.323778,2.421840,4.803936,3.266245,3.200237,3.396154
SLC25A3,12.512151,12.253818,9.485271,11.167661,9.753856,12.797606
CCDC53,24.436893,19.722572,16.539701,20.939856,20.553589,20.549154
HSP90B1,17.014994,12.830256,11.209876,9.318162,8.643763,14.122808
C12orf75,0.260223,0.259321,0.131221,0.383663,0.793375,0.311489
ERP29,7.623812,4.035486,1.176729,2.181377,2.251162,2.117726
RPL6,0.641096,0.598901,0.055218,0.145480,0.242192,0.136972
PEBP1,76.901604,81.836670,54.114182,62.142162,55.397079,59.591228
DYNLL1,8.273048,7.320837,16.634985,9.522381,6.653044,9.624561
ANAPC5,11.838488,10.505905,5.932213,9.382516,7.474096,9.360001
RHOF,6.266449,6.268419,4.277693,6.087327,4.047171,5.878052
ARL6IP4,16.207359,13.913999,6.085835,10.158564,9.438804,9.756608
C12orf65,21.587231,11.120502,11.666548,15.907500,15.679584,17.745718
TMED2,17.863605,16.338367,11.957056,13.153763,12.404469,21.004539
RAN,47.107925,37.229866,8.830308,25.294758,24.961708,22.569422
MRPL57,1.169055,0.653932,5.892353,0.600645,0.331667,4.618876
RPL21,19.222937,17.170155,12.681912,18.819466,16.943920,19.653559
GTF3A,9.189625,10.187830,4.070179,10.462941,9.047781,10.993694
RGCC,9.505042,9.156066,7.380255,10.898476,8.979114,10.125235
DNAJC15,13.656246,12.662343,8.897871,10.894958,11.170340,10.833583
TPT1,4.996614,7.160037,6.261882,5.661720,4.545335,4.808428
ESD,9.102798,11.974407,4.494382,10.847589,7.564161,10.963197
ITM2B,10.487258,11.427051,6.023065,9.115734,9.455796,9.657741
RNASEH2B,0.857077,1.061279,1.062839,1.039371,1.074957,1.267206
VPS36,28.943651,31.619125,46.950603,39.355534,36.531929,30.419348
SUGT1,34.128620,26.905695,20.667673,22.749710,27.893963,24.304140
COMMD6,4.012884,3.093607,3.103822,1.942705,2.157881,2.829607
UBAC2,88.310707,65.861198,79.829262,120.963051,116.763298,77.870171
GPR183,17.578192,18.645657,28.295147,19.754156,15.331845,19.580143
ARGLU1,12.262267,10.078117,7.379755,10.521456,9.984035,10.626436
PCID2,0.036619,0.068703,0.150366,0.111866,0.108411,0.068197
RASA3,11.433030,11.119684,6.113210,9.381347,10.936272,10.997586
UPF3A,15.188121,14.190082,8.594311,13.485951,13.946966,13.342843
APEX1,12.309581,13.524753,13.843751,13.513597,11.765363,13.367657
TRAC,3.395720,2.330523,2.683945,3.014486,2.805379,2.966610
DAD1,5.643944,5.567156,4.173505,3.602731,4.753942,5.660005
OXA1L,5.162092,3.194169,2.346542,4.303195,3.611799,4.653893
MRPL52,15.632230,19.859425,12.258378,20.033295,21.864515,13.026652
C14orf119,2.811782,2.039177,1.182996,1.257331,1.177054,1.396464
PSME2,18.760565,22.855900,11.778522,19.431181,18.980158,22.429312
CHMP4A,6.148324,6.188940,3.711480,9.294035,7.707325,7.340089
PNN,11.228993,16.577927,22.049728,13.762656,15.525963,12.863082
FKBP3,6.273343,7.505785,3.753243,5.428666,5.989455,5.795671
RPS29,18.811819,17.774611,10.285624,15.660295,14.632341,16.386265
ARF6,100.719223,93.516281,82.287918,113.971779,111.817375,131.909500
C14orf166,4.899080,3.737550,0.949126,4.632828,4.432857,3.488282
PTGER2,8.759444,10.315109,17.433411,12.734714,10.253010,9.704702
CNIH1,11.313652,12.152061,5.471354,12.017123,11.537925,11.303369
KTN1,30.744823,18.473976,6.934909,11.657090,12.062308,10.898966
PSMA3,5.338682,5.822274,5.554327,4.350131,3.831167,4.700839
PRKCH,2.244878,2.334573,1.877233,2.189956,2.084692,1.983820
SYNE2,11.621475,10.616659,6.113992,10.357317,10.113525,12.098680
ERH,5.837838,3.909821,3.273736,4.630081,3.589261,3.600646
TMED10,25.324505,21.112801,4.294233,20.341059,20.376394,19.261229
AHSA1,0.842735,0.430503,0.084313,0.163985,0.246380,0.117803
CCDC88C,5.014824,4.291175,3.307375,4.620842,4.663354,4.085482
TC2N,4.956518,5.424588,7.152925,5.137480,6.301824,4.870519
DDX24,3.468927,4.438948,3.651428,4.143501,3.489991,4.823095
GLRX5,19.552826,20.058556,20.189924,20.720612,18.736336,17.574862
BCL11B,22.524254,19.606012,22.610703,18.820433,14.925992,21.730305
EVL,55.261646,36.898529,20.651806,37.495461,42.182770,36.330708
HSP90AA1,386.623901,267.748413,153.817291,253.730682,262.376160,283.266266
SIVA1,0.192633,0.129160,0.402888,0.227848,0.185979,0.399881
CRIP1,15.109281,16.033392,11.426696,17.357944,18.087824,16.628035
SNRPN,3.251930,3.030929,1.979071,3.011630,3.778796,2.673472
NSMCE3,1.555120,1.517577,1.565797,1.523332,1.294324,2.231969
EMC4,44.829624,31.768024,21.377678,38.889660,47.002880,36.272640
RASGRP1,2.731771,2.146192,1.218296,1.841449,2.033867,2.319296
EIF3J,16.448288,17.375652,12.260783,10.690192,10.725117,13.300618
DUT,1.108243,0.658686,0.447704,0.721502,0.955563,0.840070
EID1,16.541639,10.327765,10.645542,7.507256,9.059771,11.766091
RSL24D1,5.395143,4.806266,3.596353,4.732779,3.857703,5.135455
GTF2A2,9.849773,11.256371,8.548695,9.631573,8.660942,9.148700
ANXA2,13.933465,11.991758,9.486526,11.353714,9.945654,12.384802
RORA,18.189215,16.289574,10.802966,18.782480,15.847317,16.564180
VPS13C,21.001719,21.525917,13.720283,21.191849,18.325367,20.354374
RPS27L,2.846698,1.995788,1.974713,1.430239,1.467610,1.583713
PPIB,47.645935,42.307850,23.100647,39.974174,45.058666,38.335682
RPL4,0.584146,0.720099,0.265493,0.322540,0.393796,0.270802
RPLP1,7.608982,6.634288,5.011552,6.170722,5.261149,7.730487
PKM,9.088236,7.889955,3.507325,7.874061,7.576863,7.618065
COX5A,2.706136,1.383120,0.676408,2.276022,1.600515,1.814250
IMP3,0.043442,0.081379,0.109840,0.144695,0.075802,0.085688
RCN2,0.916044,1.373383,1.917480,1.809593,1.324631,1.294748
MESDC2,1.448779,1.450752,0.764616,1.495563,1.726387,0.675672
RPS17,0.160024,0.302664,0.169512,0.232483,0.177885,0.236499
IDH2,9.406555,11.594127,5.392994,11.686940,10.184752,11.566853
CIB1,160.585175,127.920097,100.001984,129.766754,117.348991,139.390427
VIMP,11.821056,12.593959,9.171890,13.280025,11.825910,8.667707
MPG,0.093172,0.077575,0.009886,0.022742,0.049077,0.052748
C16orf13,1.486807,1.740763,1.932127,1.862826,1.316963,1.629425
STUB1,12.655715,16.495777,14.926244,15.060499,12.789187,15.986164
UBE2I,28.518097,23.736704,8.500948,28.092810,27.732569,29.427431
NME3,3.589294,3.330704,1.641033,1.987365,2.260356,3.081492
MRPS34,63.217731,70.073799,50.625324,81.456230,62.464222,66.826904
HAGH,37.336090,32.253326,20.550003,36.374451,39.702888,37.215595
NDUFB10,13.345419,13.621253,7.393571,8.665525,8.939435,11.662587
RPS2,81.845848,68.503181,21.315672,71.210533,82.159004,62.762051
RNPS1,0.201432,0.102903,0.124902,0.103830,0.064919,0.045523
IL32,1.538603,1.629695,1.314298,1.315408,1.005449,1.139712
HMOX2,27.901970,32.700947,28.342323,37.222286,31.464867,33.624283
LITAF,0.351532,0.624325,0.384416,0.805395,0.263112,1.310364
TUFM,22.710447,26.141346,28.292950,25.367104,23.836220,25.348927
LAT,2.512596,1.795490,1.957385,2.158365,2.264736,1.567761
SPN,0.164214,0.070916,0.000000,0.041801,0.096436,0.084657
MAZ,4.611321,4.497077,4.370040,4.373616,3.362569,3.645610
44440,9.832585,8.778203,7.172956,7.923617,7.818022,9.004854
BCL7C,25.767729,25.022099,12.579745,25.427698,24.793264,22.361835
VKORC1,0.177839,0.489145,0.075725,0.185175,0.597690,0.483234
BRD7,2.654002,2.799845,0.444906,1.508118,1.887143,1.366868
RBL2,7.674909,5.903615,4.199534,4.271188,4.839332,4.912455
MT1X,121.227737,116.102806,64.642044,120.075768,108.488739,112.264389
ARL2BP,17.824459,14.621318,12.077827,14.816021,13.693026,18.198637
CMTM2,3.433295,5.302741,3.036332,3.589640,4.196369,4.504289
FAM96B,1.887560,1.083898,0.890592,1.136002,1.127573,1.490787
TRADD,2.040854,2.626532,2.481493,3.187103,2.710997,3.121171
THAP11,2.578852,1.650750,2.888607,1.976194,1.751502,2.107988
NUTF2,30.041443,24.511257,17.130224,17.299818,17.656954,22.155062
MAF,84.082458,82.477287,93.242416,76.628395,88.638054,77.561928
COX4I1,0.536849,0.266676,0.128898,0.172612,0.269793,0.295487
TRAPPC2L,0.029530,0.000000,0.026895,0.010745,0.014384,0.000000
RPL13,31.410704,37.339458,26.709742,24.728872,30.432579,24.596542
GLOD4,9.700263,16.188192,8.200604,12.531581,13.566342,10.747544
PSMB6,2.095159,2.937475,1.865864,3.305578,1.835603,3.087895
SPAG7,3.930428,6.759473,4.532243,9.083838,4.737550,6.067962
RPAIN,13.350268,9.861547,14.305051,20.441158,11.597560,16.653967
C1QBP,10.316669,8.448512,6.745488,7.798415,7.811625,8.422802
EIF5A,8.837487,9.651259,9.792855,10.285944,9.189125,9.106748
ACAP1,0.721946,0.248318,0.178913,0.162527,0.274354,0.136231
TMEM256,34.905621,24.928434,18.779943,25.692461,26.566288,23.797367
RPL26,18.351526,15.528274,7.931077,12.155105,13.099126,11.987023
UBB,91.571823,121.250557,40.609768,129.773621,152.364441,148.774307
MPRIP,6.510613,5.723873,2.296615,3.948021,4.435120,4.295173
ALKBH5,4.838933,3.207565,4.853970,5.126890,3.837857,5.852046
RPL23A,2.101384,0.066816,3.129544,2.606178,0.442385,4.578216
SLFN5,17.076883,15.442681,7.691702,12.493103,12.658630,11.283791
CCL5,9.034947,4.512961,3.294235,5.310515,4.896779,3.696090
SYNRG,48.733490,51.441025,28.421814,36.834377,29.291571,36.977528
MLLT6,4.653342,5.415516,9.217987,7.296537,5.364603,7.960084
RPL23,7.838068,5.364077,5.022947,4.647881,5.485219,4.148611
RPL19,36.079830,31.729137,12.252444,33.548088,32.521351,32.681034
IKZF3,0.293201,0.356954,0.301693,0.370596,0.421596,0.260200
CCR7,5.053267,7.659856,8.013301,9.156986,8.098025,7.661630
SMARCE1,0.867643,0.389411,2.830425,1.204220,2.643143,0.660442
KRT10,2.098897,1.014096,0.407251,0.829671,0.387330,0.151641
DNAJC7,0.034830,0.009280,0.000000,0.017732,0.025915,0.023446
RPL27,4.259250,1.752909,0.884767,1.017860,1.019280,0.860124
SKAP1,16.254606,13.217686,6.457183,15.407281,12.362431,15.721067
ATP5G1,2.186447,2.832170,2.474966,3.157815,2.844425,2.718085
PHB,57.905392,46.762821,28.073782,41.731358,40.908440,42.635746
LUC7L3,12.521321,11.350837,7.484119,12.181523,11.299400,13.884753
PSMC5,25.919264,23.573727,23.691685,22.595943,21.320881,21.832108
ICAM2,2.256777,1.502612,0.306609,1.040503,1.239677,1.534156
RPL38,6.290896,6.036736,7.082924,6.478750,5.463343,6.650839
ATP5H,0.107801,0.102260,0.029777,0.000000,0.018541,0.000000
NT5C,2.630259,1.955693,1.670825,2.775392,2.662062,2.831650
MRPS7,0.434064,0.457200,0.149158,0.241115,0.154750,0.562780
H3F3B,0.008312,0.000000,0.112578,0.000707,0.008041,0.000000
METTL23,25.089909,18.973234,9.112786,14.444526,16.724316,17.101648
SRSF2,4.761977,4.589127,2.474120,4.963701,4.276340,4.722453
TMC6,3.256344,2.814318,0.753892,1.414758,1.683570,2.439282
TMC8,6.779634,8.008755,11.226236,9.697630,8.267232,10.113441
ACTG1,7.447263,7.567436,6.560678,6.479779,5.508831,6.739521
FAM195B,2.492728,2.350108,0.217403,1.442134,1.186046,1.413505
P4HB,0.711738,0.570805,0.704463,0.388452,0.529963,0.652954
DUS1L,3.248030,2.994272,0.983892,1.592984,1.008199,1.256949
CD7,0.240863,0.142859,0.136401,0.046909,0.093851,0.853514
NDUFV2,12.187686,10.733868,9.473550,9.861402,10.207491,11.740775
PSMG2,7.771960,9.199616,3.496064,9.974858,8.295769,9.322727
RNMT,57.794266,52.208954,26.388966,43.125370,43.481049,49.252499
SNRPD1,0.367812,0.509150,0.403657,0.340086,0.366216,0.464233
TTC39C,6.088167,6.082655,4.653471,5.552434,5.756490,5.213895
RNF125,9.260027,8.918056,3.729579,8.399694,7.321649,8.452593
ATP5A1,4.427236,3.419291,2.301373,4.338764,4.248260,4.735603
IER3IP1,8.974456,9.210727,5.830808,7.593855,7.164925,7.228658
RPL17,30.043566,26.643789,14.431178,24.218777,23.540977,24.850737
TXNL1,31.008921,27.852165,18.324825,28.334473,25.542107,28.190405
SEC11C,0.071266,0.041164,0.122358,0.167392,0.131930,0.213060
LMAN1,32.347858,23.923124,14.444767,26.015686,25.564524,22.727640
BCL2,5.129843,4.737772,2.695164,3.694952,4.124456,3.926050
SNRPB,212.374969,126.789215,46.741272,88.189751,102.410027,119.191452
NOP56,6.418736,6.990047,3.056128,9.354424,7.160740,8.469140
CDC25B,2.470747,2.302451,1.970997,3.625415,2.962835,2.947146
TMEM230,259.264343,218.564972,122.978378,230.415009,261.532318,229.150040
SNRPB2,3.260203,2.177769,0.266089,0.754495,1.496988,0.498777
DSTN,2.895422,3.184258,1.900483,3.813427,4.194473,3.427558
NAA20,3.449855,4.354808,3.187849,3.840763,3.169037,3.923318
COMMD7,20.764214,23.890556,27.423420,27.097191,23.814394,26.911274
EIF2S2,1.920705,1.814099,1.973433,1.534813,1.336453,1.484801
DYNLRB1,3.634239,4.923120,3.149653,4.463892,3.341545,4.784166
EIF6,176.246979,119.513268,28.626896,80.940880,89.701172,73.921295
ERGIC3,0.786678,0.236515,0.429781,0.239410,0.393559,0.436373
RPN2,6.963220,6.728400,4.967860,6.591085,6.112781,7.236477
RPS21,24.498236,20.897341,20.384136,19.177071,21.251472,23.438311
PPDPF,27.312832,20.454012,22.479738,15.235618,16.797989,26.116278
SLC2A4RG,13.066854,6.403805,28.554617,18.672947,10.160129,17.190889
TPGS1,3.881593,4.000012,2.819662,4.028562,3.529770,3.852645
GZMM,17.245434,16.055199,12.360912,13.095449,12.044059,14.133701
RNF126,0.154886,0.158574,0.094808,0.090283,0.096791,0.107046
POLR2E,5.835488,7.963799,4.138497,7.351521,6.870716,5.116601
GPX4,42.931225,43.905117,27.131100,38.898151,31.970881,41.845161
ATP5D,0.116316,0.108687,0.073359,0.351785,0.460508,0.307520
CIRBP,8.299677,6.855244,5.773808,6.476185,5.746248,7.149909
C19orf24,11.125963,7.201174,6.087889,5.282051,5.325063,8.956011
NDUFS7,9.377809,11.482333,4.571665,10.750178,9.672100,9.949163
RPS15,116.729218,89.817268,47.864037,99.518883,102.239532,93.519264
ABHD17A,17.701128,23.472069,19.541279,17.588902,14.966223,17.075750
PLEKHJ1,0.017914,0.000000,0.192348,0.034987,0.000000,0.000000
SF3A2,20.770060,25.525463,17.426600,22.377903,20.721977,24.593630
LSM7,0.017847,0.029188,0.000000,0.020669,0.030092,0.000000
AES,5.648422,8.192347,8.524031,8.287319,7.473028,6.959668
EEF2,54.379623,44.281128,54.858360,75.805687,80.840530,66.415489
MYDGF,0.027832,0.163901,0.046044,0.055623,0.030291,0.038974
RPL36,7.850166,5.609622,3.411670,3.697808,4.544835,6.020950
C19orf70,23.866222,26.469818,17.977409,22.513697,25.517061,22.589750
NDUFA11,1.060245,1.967421,1.591470,2.059179,1.481292,1.340578
CLPP,0.014241,0.286157,0.015812,0.025494,0.011300,0.008654
ALKBH7,7.073703,7.086136,6.466113,5.549429,5.301152,5.952880
RPS28,22.663548,20.356396,18.482460,19.960085,17.195940,20.016321
HNRNPM,0.107911,0.135479,0.299098,0.302670,0.210421,0.130818
PIN1,27.565413,37.278278,33.588978,44.624763,30.366003,43.250114
DNMT1,42.297134,42.999596,34.581795,46.305798,45.196205,42.929073
CDC37,0.774777,0.724499,0.459448,0.503654,0.399312,0.442937
ILF3-AS1,1.015271,0.761257,0.655670,0.910943,0.746214,1.202427
ILF3,14.998640,17.748396,21.485399,23.383327,16.827873,23.774696
PRDX2,21.456383,21.567602,16.153776,22.561674,24.952433,18.277880
CALR,0.000000,0.001097,0.012177,0.031404,0.003290,0.008179
RAD23A,5.037448,4.987804,4.419435,4.409778,3.997485,5.349272
GADD45GIP1,14.201100,15.043656,11.870708,13.931256,12.305965,13.747931
C19orf53,0.315601,0.055817,0.077314,0.033066,0.037926,0.036902
IL27RA,2.573415,2.913368,2.615569,2.503397,2.367265,2.634300
TECR,7.103157,8.702904,2.713246,6.238947,8.103550,10.269748
NDUFB7,1.538529,1.039066,0.840465,0.944612,0.835471,0.988888
RASAL3,3.797826,2.907626,2.667808,1.795277,1.930880,2.528927
SMIM7,4.966079,3.651342,2.114156,2.056567,2.237547,2.495210
BABAM1,17.709702,16.305864,18.291250,15.985511,13.563308,17.104095
MRPL34,8.352119,10.504394,8.815103,11.044554,9.586332,11.118799
BST2,29.869160,22.129303,8.909402,21.357719,23.573193,22.725025
RPL18A,0.014601,0.009106,0.037712,0.025376,0.038133,0.020042
LSM4,28.775995,23.370979,14.918081,23.266964,19.157804,24.104275
SSBP4,4.226951,3.135640,2.151443,2.324651,2.125285,2.145249
NDUFA13,13.986883,11.553068,6.493559,11.158110,11.618749,12.250600
UQCRFS1,18.843227,13.422914,12.186078,14.885256,13.744142,19.868093
URI1,0.002192,0.007700,0.011032,0.000000,0.011731,0.000000
PDCD5,3.693150,5.026258,4.574371,4.862287,5.940045,5.105998
FXYD5,10.914223,10.170773,7.459136,11.487649,11.758946,11.227221
TMEM147,10.889566,16.164314,11.190333,12.389450,12.298979,13.113179
HCST,45.832699,38.005196,19.930328,36.811295,37.639507,37.695827
TYROBP,23.381996,19.807354,11.379735,14.420540,10.833823,18.459959
POLR2I,5.853287,8.956461,12.132859,7.264712,7.082067,7.448774
TBCB,4.952087,7.315991,7.994238,7.023615,5.848703,5.992693
MRPS12,39.244816,33.023956,15.302481,27.001740,28.661238,26.334969
RPS16,1.909129,1.993681,2.342165,1.847894,1.264920,1.694082
FBL,8.974707,8.264647,8.222504,7.216278,7.924159,9.262615
RPS19,9.743214,10.274999,13.801568,12.329652,11.144687,11.533345
ARHGEF1,104.657883,93.448456,112.582298,88.371017,94.797295,95.854561
ZNF428,0.105257,0.100725,0.128762,0.155256,0.102371,0.232755
TRAPPC6A,16.523212,15.026921,13.930824,12.422952,11.930165,16.386250
SNRPD2,3.499037,3.833657,4.400113,3.775690,3.294376,3.714028
TMEM160,58.107319,46.504120,41.794582,46.720814,48.893265,47.393990
GLTSCR2,0.712796,0.308644,0.280485,0.649098,0.806965,0.341497
SEPW1,0.293876,0.380013,0.236166,0.505275,0.284518,0.441483
RPL18,16.491610,28.425644,22.430464,32.191345,28.320389,31.606838
DBP,18.256399,15.630217,16.604174,15.796815,13.263498,17.900389
FTL,3.131702,2.218903,1.499613,1.932221,2.019264,2.062301
PIH1D1,2.753322,2.699140,3.057109,2.495736,2.817732,4.396431
FLT3LG,6.132245,5.393440,4.298631,6.574976,5.614440,5.534425
RPL13A,0.031297,0.116561,0.000000,0.035874,0.046919,0.057028
RPS11,0.605582,1.076854,0.546428,0.709659,1.207259,1.059549
NOSIP,6.201165,11.571599,8.385294,12.343344,10.757640,11.763077
IRF3,42.376328,35.445557,27.223286,28.048695,28.298424,33.238056
PRMT1,0.747947,1.183820,0.512892,1.799822,0.876343,1.649849
EMC10,24.067772,23.940706,17.416048,26.109810,27.414246,27.162863
ETFB,11.712886,8.836635,5.273959,7.582524,12.229243,8.031993
NKG7,11.390991,12.093524,11.492450,14.114214,9.659267,10.664441
PPP2R1A,8.349713,8.086663,4.348451,6.964827,5.794936,6.173768
TMEM238,0.396084,0.742707,0.632194,0.825522,0.676843,0.691329
RPL28,38.679230,9.271653,8.001569,28.814226,37.899513,8.378124
RPS5,1.605181,1.858914,0.626775,1.633846,1.427005,1.963176
TRIM28,38.711647,35.720650,18.984251,29.339266,32.676128,30.063768
RPS4Y1,0.091009,0.045570,0.057610,0.020619,0.020088,0.016514
RANBP1,5.742932,6.647287,4.932446,7.247951,6.649943,7.428577
DGCR6L,164.757126,103.693710,44.432339,91.487862,101.999878,86.256897
SDF2L1,0.141608,0.076191,0.032797,0.059478,0.066160,0.044010
CHCHD10,7.951871,7.488283,8.877163,7.164149,6.830309,6.514438
MIF,1.965439,1.586868,0.056427,1.418822,1.407904,0.912683
DDT,6.180897,6.343596,3.347130,6.755978,5.793121,4.859811
SNRPD3,9.770516,10.027696,11.980990,11.417397,12.711183,10.989488
EIF3D,7.854433,10.011300,21.153545,8.064205,9.096087,14.051358
MFNG,53.522957,41.036697,39.401405,38.937984,36.938412,39.704227
LGALS1,35.567665,31.755432,17.864159,32.461918,35.007725,34.971840
ST13,3.132500,5.803631,7.891920,5.296714,5.650259,6.692297
RBX1,5.435768,3.843192,2.822678,2.998033,3.686901,4.671921
XRCC6,9.483211,10.282272,8.992969,10.192573,10.704928,10.422878
SNU13,0.226836,0.193003,0.075004,0.159085,0.165873,0.113024
SMDT1,5.824788,5.954625,4.683167,4.927126,5.439663,5.235008
NDUFA6,0.320047,0.389726,0.246043,0.333715,0.253929,0.436509
FAM118A,1.703308,2.015710,0.870153,1.742244,1.608885,1.606947
ATXN10,0.020141,0.091456,0.032079,0.023420,0.080413,0.015140
ATP5J,6.882230,5.848566,3.010860,4.126891,4.421532,5.278289
CCT8,25.159203,16.915295,6.687031,12.620221,13.465841,14.180090
SOD1,18.931545,14.478754,10.574291,13.626788,13.556425,14.765464
ATP5O,0.909968,1.290836,1.144086,1.417061,1.080877,1.467399
TTC3,16.133268,16.091169,15.807260,17.902044,16.963976,17.199596
HMGN1,16.559111,17.474813,10.989382,15.916669,14.039505,17.203253
UBE2G2,1.278912,1.541143,1.226579,1.500201,0.991656,1.090484
SUMO3,4.128659,3.897763,2.329112,3.716790,3.510153,3.665183
PRMT2,140.856445,73.885612,30.414724,60.136139,50.173523,43.667549
MT-CO1,10.552061,12.257380,19.234970,11.524549,10.434017,11.009866
MT-CO2,1787.655884,1595.450806,856.140320,1343.068970,1624.612671,1107.287109
MT-ATP6,13.143231,11.972735,11.354359,13.335820,14.506297,12.160242
MT-CO3,0.240890,0.200590,0.181165,0.136349,0.101235,0.279349
MT-ND6,2.812975,3.044174,2.662655,2.860703,2.251330,2.563557
MT-CYB,7.092212,7.138183,4.221714,7.517829,7.158225,8.196401
XIST,43.809067,44.911938,30.616663,46.463577,43.849514,46.263836
SDHD,33.030067,23.839100,15.995106,23.869965,25.090206,24.696259
PSMD7,57.843277,26.488827,25.641603,40.054707,42.475235,31.024441
PDAP1,6.614930,7.423130,7.385648,6.943091,5.764609,7.505052
RALY,620.582764,419.812439,101.186653,272.451843,304.874176,293.842682
ST3GAL1,14.411942,9.630586,2.956416,10.220763,10.255312,8.870182
GLG1,1.420568,3.477643,11.396990,15.143985,13.557488,10.778375
THOC2,15.198603,13.303013,9.251401,12.528414,7.756258,14.260768
HECTD1,7.499443,6.498689,3.435397,5.837442,5.758651,6.666263
ORAI1,0.736942,0.775554,0.283290,0.512949,0.629020,0.512457
PTPN7,0.975742,0.654389,0.154348,0.326467,0.156971,0.149754
CTDNEP1,0.443005,0.166623,0.029049,0.303544,0.279105,0.061513
GOLGA4,0.357473,0.283910,0.255775,0.305805,0.189188,0.256742
THOC7,0.947373,1.782402,0.516553,1.527531,1.231179,1.344749
DDX46,6.895619,8.628759,6.650284,6.961430,6.931931,6.486915
TMEM219,0.022591,0.074947,0.097889,0.072430,0.055446,0.013236
SRP19,0.031572,0.033487,0.076058,0.042104,0.034632,0.086560
FOXP1,95.609467,92.106354,76.764488,102.512512,91.007118,97.467079
BCAS2,7.548611,10.592552,9.340172,11.293463,8.864446,9.304938
C15orf40,1.879159,2.185591,4.065709,1.946857,1.950313,2.261286
SKP1,17.394106,17.117683,15.033892,21.651836,19.909399,19.155098
TMEM259,14.467240,13.263283,6.255928,12.086580,13.424724,11.760894
FAM50A,51.406105,39.731548,22.778475,37.633926,37.560459,42.369591
CWC15,17.871117,14.916276,10.391186,10.793083,10.578593,15.028493
PLP2,132.066727,101.220238,62.016171,76.747017,87.321587,79.323517
SMARCC2,9.534722,9.353068,6.969217,7.693158,7.122053,11.730611
REST,312.616119,136.864426,106.062782,187.383911,226.422455,211.553024
MPHOSPH8,11.210422,11.887995,3.719483,10.390911,10.510833,9.633321
S100A6,1.008081,0.908101,0.937254,1.148730,1.041306,1.118604
MT-ND5,0.147095,0.109083,0.074070,0.122353,0.051706,0.104504
UBE2L3,0.595949,0.494259,0.404829,1.241924,0.775785,0.277247
TLK1,8.632948,6.960683,2.890574,6.277822,6.703967,8.106134
SRSF6,73.339973,54.926964,10.730341,24.718513,32.216908,27.935877
DUSP1,0.325920,1.246598,0.725312,0.215931,0.127460,1.527752
BBX,9.389266,5.309516,5.885987,12.529994,4.024604,7.076836
ARFGAP2,69.818565,59.084957,46.864517,56.766361,56.430687,59.990612
SAMHD1,12.279405,9.846974,9.398063,8.453119,7.823826,8.601225
HNRNPA2B1,0.827797,0.650714,0.836406,0.777341,0.781911,0.992828
ZFP36L2,20.384552,18.993799,8.006115,9.597250,12.064227,9.476455
GHITM,13.397738,10.653542,3.634299,9.208563,10.286857,7.568761
MED4,5.305243,4.335131,2.436478,3.820009,5.009834,4.892566
CCZ1,5.099185,2.553401,1.945638,1.477260,1.523278,2.034496
ADRM1,0.475409,0.386630,0.296152,0.572803,0.290097,0.563953
CEBPB,17.142374,14.104869,7.419893,8.750569,9.537746,16.647673
MYCBP2,20.103146,16.786751,8.030937,15.682364,19.473043,18.311399
FAM107B,26.415346,24.178232,12.188257,18.376852,17.470905,20.853292
ZFP36L1,11.394786,11.631522,11.557026,11.889923,12.674649,10.966731
PITPNC1,5.368300,5.286068,6.568805,5.572308,3.873834,6.536138
CCT5,9.058641,9.557237,5.672494,6.223514,5.691487,8.707837
MFF,9.484255,7.916193,2.490850,4.344336,3.836305,4.800569
TERF2IP,8.396976,8.980834,7.438912,8.822747,7.175825,9.423547
N4BP2L2,2.255712,0.538363,0.652445,1.286954,1.672937,0.315803
RPS9,0.000000,0.000000,0.000000,0.025348,0.010085,0.000000
ARHGDIA,4.623142,5.427879,3.438566,5.402978,4.728124,5.971494
GGA1,5.357715,8.379890,7.384933,7.392547,5.340730,9.459486
DRAP1,9.335936,10.447912,7.506224,7.423030,6.223618,11.842961
SEC61B,7.214014,6.725674,8.527099,7.609965,6.534099,7.714406
CH17-189H20.1,31.843758,32.392220,18.618671,25.890400,22.760832,27.874437
KHDRBS1,11.224574,11.588301,3.771033,6.277332,6.296471,7.493646
BAX,19.150024,11.506093,4.794929,6.284568,5.632276,8.047800
HMGN2,0.059682,0.012438,0.020951,0.010011,0.035600,0.019255
TAF15,2.945926,3.634681,3.784506,3.429479,2.620422,3.605683
SUPT16H,1.310796,1.619722,4.071585,1.799538,1.506860,2.477622
ANAPC11,0.053305,0.064667,0.000000,0.068157,0.036872,0.051146
HSPA5,40.851952,26.884592,7.618738,26.146336,24.897833,23.494776
IRF2BP2,16.737392,16.172844,12.532415,15.120262,15.347123,14.303411
SCAMP2,5.509324,5.595263,3.997061,4.024055,4.171697,3.252308
NAA10,0.834255,1.081193,0.374181,0.903920,1.517577,1.332978
IL16,4.710898,5.434028,3.800058,5.666767,4.717289,5.425879
PPP1CC,5.850977,1.301943,0.748904,3.560408,1.262574,1.394581
TMEM258,53.364510,46.822529,54.003151,55.730824,41.976276,60.050175
SPSB3,14.457156,15.919431,19.847502,12.716303,15.319059,16.476057
DCTN3,14.584422,14.337500,10.213511,12.637349,10.972827,13.417449
APH1A,28.698553,37.348637,19.251184,36.600132,34.302715,35.465996
SARAF,2.243546,1.733471,1.478857,1.841105,1.884699,1.602595
ENSA,116.473793,102.205528,79.353546,100.085579,101.867393,93.774033
UBTF,5.636034,5.356061,6.168842,6.052600,5.912814,7.577703
LINC00969,0.088028,0.116892,0.155564,0.123116,0.121974,0.240541
PPP2R5C,8.554189,5.302202,1.850252,4.646794,4.657173,5.650955
ANXA5,28.986811,21.215460,16.629105,20.900997,26.216124,17.967501
SNF8,1.602273,1.097604,1.494494,0.960511,1.473466,1.195266
ATP5L,0.017345,0.030906,0.009485,0.025632,0.043356,0.022686
TBCC,34.041496,29.225546,11.890738,25.628168,27.845800,25.787502
SUB1,4.377408,3.916107,2.059891,3.752540,3.410237,3.478593
GSDMD,3.251414,3.058585,3.405785,2.700177,3.273149,2.561131
LIMD2,30.707142,29.197416,31.109188,32.850517,30.653070,33.304825
AIF1,19.938591,18.107971,25.444971,18.911480,16.345604,19.659428
LRPAP1,2.858166,3.455166,3.316897,3.323850,2.661093,2.583752
FAM89B,0.724696,0.903757,0.853304,0.876772,0.845465,0.688665
SEC11A,3.950056,2.055151,0.299781,1.637122,1.448325,0.924569
UTRN,6.593053,5.173699,6.193241,5.053963,4.672792,10.331183
PIM2,1.829160,1.896839,1.126562,2.018531,1.947296,1.722522
ANP32A,3.884068,4.563538,4.548103,4.805742,3.052857,5.263581
C19orf43,14.048264,13.140921,12.110650,14.560473,13.371958,13.235469
NUCB1,4.743505,4.932218,2.193413,5.369253,4.932038,5.453650
PABPN1,9.231585,8.876678,6.870117,7.007513,7.485258,8.762731
SERINC5,14.616716,15.318501,13.973932,16.208128,11.866887,15.712533
SAP18,12.068069,16.311008,7.780808,17.690855,11.134801,17.111403
THUMPD1,7.004889,5.440514,3.096886,4.008214,4.217684,5.455517
MYL12A,111.702942,93.976761,77.930550,94.683144,86.353859,97.998680
SNRNP200,38.883316,30.906689,16.611166,38.107635,35.121086,43.226513
RNF149,0.641239,1.496427,0.235144,1.582563,1.088616,0.703742
PDCD4,38.147430,32.602203,30.558142,34.010563,29.230700,36.136539
LSM3,6.596663,5.564226,3.632193,6.753097,4.638604,6.900072
MRPS6,5.903900,6.336642,3.552843,5.169334,4.712172,5.947189
UBE2D2,0.817314,0.763378,0.392312,0.631415,0.584283,0.572210
POLR2B,1.677417,2.125822,1.173718,1.861317,1.716241,2.140456
TSR3,4.946092,2.209587,0.309566,1.458184,2.311530,2.172933
ADD3,0.525796,0.578406,0.333730,0.829779,0.918932,1.111019
UPP1,24.206293,26.726349,12.047386,22.269238,20.232315,20.883556
CXCL8,10.598313,10.329065,6.245384,9.712513,8.573483,9.778769
EMC6,8.033647,6.180457,2.383741,6.640899,4.832243,6.616805
CFDP1,93.323669,65.385796,23.291374,39.826283,44.731964,46.797039
RPS19BP1,8.490094,7.222370,5.367745,7.387200,6.752448,9.135078
PNRC2,0.543689,0.673852,0.425603,0.527104,0.160638,0.259947
KLF2,7.170002,4.925653,10.206159,13.343421,4.173484,8.592745
EML4,0.000000,0.012100,0.000000,0.000384,0.008674,0.000000
NEMF,3.816365,1.729072,1.024955,2.132213,3.277220,1.393009
SERPINA1,2.166447,1.285466,0.936598,0.829601,1.082729,1.385515
MT-ND4,14.623197,16.516399,15.682402,13.901492,7.654801,13.889556
C1orf43,14.651783,14.013716,12.082115,12.936825,13.520933,14.010295
KLF13,3.889774,4.615112,7.123571,5.525189,4.908311,5.429233
OAZ1,9.071111,10.432812,5.381390,8.709437,9.047251,7.649027
YWHAE,0.246001,0.181547,0.152824,0.126585,0.125718,0.155202
FXR1,0.974495,0.580398,0.727749,0.533589,0.625831,0.945906
TMEM208,11.341126,18.464550,7.358205,19.051445,16.113813,16.521744
RHEB,5.406622,5.424088,3.551327,5.186354,5.427588,5.010617
COPS5,10.566479,8.853991,9.573250,7.069893,5.576387,8.643806
LYN,5.029696,5.502734,8.407737,7.462121,5.327173,7.099815
UBA52,1.690952,2.062913,2.725618,2.016256,1.988667,2.315530
PRRC2C,2.525249,3.348680,3.861381,4.220280,2.976002,2.895033
ZFAS1,23.403648,19.339289,24.262943,19.894535,16.234535,17.033806
ARL6IP1,10.886573,13.353046,8.088454,12.374775,12.755563,12.851526
FOS,20.816589,18.345749,12.425165,14.940757,12.494462,16.399534
SDCBP,19.412664,24.792295,22.659670,23.752022,22.542250,21.587234
C5orf56,2.419142,2.847847,10.151604,6.679550,5.880963,4.939262
GBP4,23.697275,18.230373,6.855440,24.611029,18.864958,23.592218
USF2,58.842518,48.641331,48.820164,52.748028,56.256176,48.794220
GUK1,37.150387,31.191261,13.504142,35.687969,40.060642,29.221849
MXD1,3.826288,3.348322,2.968099,6.224480,3.959804,4.533606
PPCS,0.418124,0.039631,0.009908,0.026033,0.197974,0.084510
TADA3,9.004402,10.199050,8.035288,7.998121,8.378464,7.547200
FAM204A,75.188408,61.402252,57.671082,51.426933,56.529446,56.734901
SNRNP70,6.244507,7.230002,4.727535,4.721781,4.844682,7.806353
GABPB1,2.216373,2.878343,3.469311,3.280668,3.144701,3.467058
PHF11,3.951862,4.258364,1.717726,3.209510,3.074790,3.582227
HLA-F,45.838291,36.297382,29.583054,27.342583,24.251307,31.637466
EMC7,6.816644,4.231262,1.860723,4.421906,3.628973,5.456091
COX17,122.891495,113.373512,73.207855,162.233368,213.292542,165.619186
ANKRD49,15.479181,12.120720,3.929701,10.756972,14.506059,11.833063
SRSF1,32.054451,16.397848,5.182987,15.853769,10.027976,14.781168
TMSB4X,6.025831,1.317827,0.571704,2.350863,3.187636,0.745529
PABPC1,8.417965,10.979827,13.669074,9.949096,7.787662,9.875430
F8A1,6.467379,4.945377,4.730520,3.555520,4.438102,6.460401
ATP5E,419.824219,265.162537,166.654358,208.345932,200.390869,192.058136
TIAL1,1339.133789,822.781372,362.046295,792.268555,908.331787,729.064880
PTBP1,1.935867,2.394304,2.007012,2.242183,2.510513,2.929006
TMEM248,1.818527,1.658321,1.810280,2.192698,1.567635,2.028371
DPY30,0.000000,0.000000,0.000000,0.019055,0.000000,0.000000
TES,54.054428,49.668907,39.396229,47.883251,42.815434,49.567844
FRG1,9.948151,9.711091,6.301829,9.954035,10.435134,8.326254
FAM129A,1.225900,1.649527,4.122640,2.085951,1.557570,1.962716
DNTTIP2,0.050690,0.071789,0.040761,0.069625,0.228266,0.043001
NLRC5,30.769156,23.709087,8.232089,16.403027,16.955969,19.262894
SRSF5,64.982620,52.664059,21.163439,52.047157,56.061089,50.969887
44446,1.648359,1.714427,1.755923,1.296527,1.276355,0.979770
FDFT1,0.335032,0.253437,0.329021,0.297093,0.179536,0.217762
C19orf66,0.881316,0.721712,0.454359,0.490946,0.662436,0.638637
44441,34.313404,26.886086,21.554123,29.779200,25.247972,26.233692
ANKRD12,9.666742,11.923434,10.189648,12.634451,9.695289,13.483647
ZBTB8OS,9.436935,9.969145,2.996902,9.266547,7.622566,8.307710
PDE7A,0.017000,0.016566,0.027889,0.021286,0.050190,0.043145
UBE2J2,11.702493,17.579470,12.463726,16.415518,14.352640,14.295746
ADSS,12.662222,13.963451,18.240093,25.459715,21.435976,12.580915
VNN2,10.442017,10.202764,7.005206,11.291334,11.622527,9.164411
PRPF6,24.662922,21.250147,13.812633,21.254372,23.094046,20.936943
PRDM1,3.586046,3.155038,3.500625,4.127651,2.947898,4.676574
GLUL,1.225336,1.405643,2.007601,2.011900,1.662460,1.237220
FCGR2A,1.975267,1.673894,1.386140,1.399818,0.983215,1.294684
CEBPD,13.824418,10.373099,5.296052,9.931213,11.912199,9.264004
NFATC3,111.035973,78.562088,68.832764,62.507618,62.334244,89.677689
ZCCHC11,12.609556,13.195825,8.200437,14.545438,15.224125,14.165603
EMP3,11.718718,7.185999,2.655660,5.819591,5.190383,5.794765
FAM65B,6.646439,5.179019,5.103792,4.245212,3.593787,5.482572
TMEM154,3.852317,2.811091,1.346027,1.832429,2.203239,2.344219
SORL1,10.384675,10.268080,8.888634,7.826568,7.524953,8.925035
NCF2,4.903535,4.919970,4.322408,4.337191,4.595232,5.915440
GNAS,0.062696,0.068813,0.063854,0.189326,0.065779,0.042054
NCF1,3.691137,21.708836,14.422276,21.642727,21.523466,20.410118
AQP9,0.0,0.013426,0.000000,0.026943,0.025288,0.016129
ITGAL,42.408581,32.472050,13.738567,24.184626,27.019077,26.891077
CALM1,0.000000,0.000000,0.000000,0.020053,0.025906,0.000000
FCER1G,1.374381,1.266576,2.976234,2.950452,1.862859,1.108152
TALDO1,0.562678,0.945628,1.823414,0.864818,0.790840,1.060697
PTGS2,24.787683,14.916322,4.744105,14.445748,9.804738,8.958975
LTB,1.810557,1.966271,3.602221,1.859085,1.608922,1.699421
CPPED1,71.092224,47.594967,21.118174,31.531435,36.602245,34.752281
MT-ND3,13.396795,12.574531,13.638455,12.426307,12.218643,14.302995
ACSL1,2.195917,1.263070,2.964567,2.173005,1.199779,0.706195
SPI1,787.061829,500.123016,242.119415,466.130554,537.291748,437.733185
YPEL3,541.600525,353.739258,191.640717,291.638397,155.604416,262.558136
LRRK2,342.329559,222.650818,189.669235,190.830215,249.675583,174.999802
SMCHD1,26.016687,22.416817,18.382336,21.700687,21.048449,23.045855
C5AR1,13.559792,15.305926,23.284170,14.735132,13.784378,17.399837
SEC14L1,9.440341,7.539624,7.143337,7.526027,6.036800,8.025850
TUBA1A,2.193907,1.702755,1.888114,2.604861,1.831819,2.198155
HMGB1,80.919891,58.959629,34.029160,53.763016,77.311958,65.482414
VMP1,24.215549,21.206858,15.894938,22.111647,23.536757,18.571299
LINC01272,6.177371,5.892592,5.243305,5.460073,4.525563,6.636755
GBP5,11.280690,14.310182,11.995231,13.323946,10.994403,13.875330
CYP4F3,0.287596,0.387954,0.259850,0.612244,0.390195,0.375935
BRI3,17.584145,17.522745,7.341311,14.616572,15.877343,15.274926
SELT,86.121254,57.246639,47.458481,53.078247,50.438259,78.941109
TAF10,25.443275,30.532784,24.239384,23.915588,22.579006,26.002499
CST7,0.652533,1.096380,0.440560,1.136801,0.642142,1.189490
MORF4L1,0.031550,0.010218,0.000000,0.029406,0.034946,0.068322
CYLD,0.544305,0.422167,0.337810,0.274154,0.455251,0.657530
FGL2,54.193913,47.608711,41.900085,63.246449,79.150864,56.111786
HBA2,8.113466,7.915184,8.638880,7.695851,6.490274,9.112959
METTL9,0.023702,0.000000,0.008910,0.073885,0.030611,0.019545
MIDN,0.326255,0.608517,0.128693,0.457526,0.514570,0.262200
FPR2,1.204739,1.909358,1.436449,1.666424,1.500298,1.416859
TSC22D4,2.706185,2.223149,0.153875,0.263800,0.780530,0.653397
ENY2,5.774637,6.142892,9.354514,7.681224,8.055856,6.920677
HCK,7.170611,7.430785,7.547420,8.248569,7.467687,5.625355
CYTIP,0.006430,0.003015,0.008673,0.004952,0.005397,0.080384
TNFAIP2,98.456482,70.379333,30.318392,74.973076,87.833168,67.388474
NUMB,0.225662,0.353751,0.066843,0.251386,0.141524,0.214417
SF3B6,17.838593,18.606152,6.871278,14.960784,12.993694,16.575388
GMFG,13.884109,12.336946,8.004974,11.195983,11.204866,11.564598
MME,5.716758,6.266350,2.318814,3.260736,3.072644,4.234757
SNX10,0.756097,1.992931,3.026367,1.822813,1.578900,1.981263
MYO1F,35.545200,30.303543,15.298381,17.382446,20.202305,20.264063
POMP,0.023310,0.033256,0.040258,0.024158,0.000000,0.000957
IQGAP1,0.698656,0.685110,0.929874,0.607577,0.597787,0.623482
ZFP36,1.860596,2.152884,1.857228,1.937781,1.853884,1.866372
SMAP2,0.526908,0.564890,0.397541,0.440065,0.481156,0.440855
UBE2D1,36.224072,26.213150,18.535986,28.095209,28.333515,29.138618
COTL1,2.660173,1.695981,0.510697,1.367933,1.596255,1.462407
EIF4G2,8.633485,8.169963,6.138473,8.377108,6.829275,7.218009
CSK,0.243776,0.122244,0.000000,0.217564,0.203037,0.060520
VIM,7.367116,7.698219,9.937028,5.410906,5.331073,7.773106
MEGF9,0.471578,0.102733,0.084825,0.225960,0.118136,0.114366
EFHD2,0.120127,0.158319,0.203795,0.125860,0.106581,0.091840
PDCD10,5.812217,6.409414,8.236141,6.095282,4.789656,6.861708
LAMTOR5,6.407750,2.836420,0.714352,3.110155,2.955585,3.653815
ATP5I,0.575573,1.466481,1.787943,1.817733,2.015484,1.672138
BCL6,2.271798,3.469541,2.745072,8.054384,3.439991,4.304079
RGS18,0.535442,0.629869,0.828232,0.558430,0.073369,0.083266
HLA-B,3.973859,5.933033,8.461007,6.092875,5.267901,7.113822
ARPC2,19.084175,22.111702,12.549942,23.638971,22.611408,22.283993
ARPC3,9.755613,7.710359,3.658313,4.550410,4.992343,7.425985
TRIM22,5.966035,7.171946,7.296658,6.251359,4.142851,6.099792
LCP1,63.621513,43.683109,28.848610,44.177505,48.634640,37.513847
CREB5,12.648760,13.503325,8.931970,14.074638,12.814664,14.671186
TAP1,41.070568,35.325657,31.811409,42.267559,42.051796,35.615337
FFAR2,0.705282,0.436803,0.493579,0.287151,0.427139,0.657661
REEP5,6.983248,7.639958,10.766975,8.378592,7.704368,7.097182
RBM47,14.426967,12.303782,8.600583,11.041343,10.973387,10.715240
TPR,355.350311,236.272415,158.564835,218.436584,257.802460,179.068604
PNRC1,0.027086,0.041113,0.081534,0.067746,0.005997,0.034225
ATP6V1G1,18.329575,21.545519,14.656049,17.542599,21.609936,24.211931
BIN2,0.185532,0.462037,0.734902,0.468867,0.269248,0.415843
RAC1,11.183469,12.169580,9.292113,12.016325,9.733294,11.963751
ARID4B,0.184426,0.212249,0.080304,0.342352,0.058156,0.153568
TGFB1,8.304857,7.326797,6.807293,6.666330,5.586678,7.611257
IQGAP2,5.760509,3.743283,2.414340,3.308712,3.403486,3.979811
RAB31,4.552763,5.402358,2.861317,3.930082,3.875554,4.983272
MBNL1,6.465964,8.021054,2.256483,3.391484,2.777234,5.264595
CD53,23.408882,22.279802,16.768362,24.909687,20.361183,23.375872
PLXNC1,12.198764,12.368271,7.439827,11.954127,13.640536,12.850557
P2RY13,88.221001,130.534653,83.790901,159.510590,139.935364,148.353973
RAB8A,4.289203,6.702024,5.944653,5.091048,4.400908,5.827868
RP11-467L13.7,17.356342,15.843181,6.235591,12.335937,12.854305,11.674374
FYB,16.073072,10.924440,3.232813,7.556448,7.867646,8.701717
IER2,1.446148,1.486420,1.111218,2.295537,2.157624,2.477884
HSPA6,39.887188,36.554882,10.941581,28.830933,24.018774,31.646290
IFI6,22.549194,32.609612,24.657829,34.669140,33.125721,34.211761
ADRBK1,24.494596,31.305574,21.447933,29.709085,33.960526,26.644917
SF3B1,0.714931,0.771705,0.602262,0.509489,0.658471,0.652654
OGFRL1,2.239309,1.862998,1.838012,1.788709,1.598252,0.764114
FRAT2,0.040664,0.061377,0.024382,0.052263,0.050525,0.009762
PYGL,6.838716,6.119390,3.212568,6.974298,6.306679,5.555192
STX3,4.769815,9.017333,12.250560,9.493795,6.923323,8.548933
SLC2A3,6.294785,7.402781,4.866598,6.111874,5.305847,6.457012
SLC11A1,19.893677,19.983624,31.932253,20.055801,18.813293,21.968081
AKNA,9.210574,10.722719,6.906307,10.462979,10.600611,9.060088
ARPC5,7.721430,5.207976,3.064237,4.074678,3.396829,3.377460
LYST,2.483371,2.118293,1.080937,6.934607,1.822675,2.087293
ACTN1,0.149097,0.104317,0.116002,0.061155,0.075969,0.054038
SEC62,19.727486,18.411144,7.318219,10.262629,10.622218,13.342767
CXCR1,17.274679,13.977661,5.100636,16.756121,16.475845,14.911207
ELF1,86.924492,67.823143,18.528481,76.942253,91.466202,67.351830
ARF5,7.545705,7.145803,5.824571,6.955147,5.772538,7.142202
TNRC6B,2.443240,2.918149,3.151661,2.038631,1.421379,3.265301
CDC123,27.337128,23.088268,17.289228,15.059489,15.140438,38.452564
S100P,5.663515,8.236071,8.286411,8.586734,6.584495,8.501183
RAB11A,11.641436,10.106611,9.725892,10.010947,9.608241,8.888229
MMP25,0.466418,0.207061,0.006943,0.101999,0.000000,0.102252
DBNL,1.511795,1.546258,0.439232,1.039418,1.739346,0.954683
HERPUD1,2.388475,2.765414,2.493031,3.101801,2.799720,2.962268
DUSP6,0.058498,0.076559,0.017863,0.037388,0.076443,0.049087
JAML,11.598589,10.689699,3.353442,4.737568,4.570783,5.308988
ZNF292,22.901890,18.450022,3.930530,18.920546,17.871698,14.436835
LRRFIP1,25.971689,39.053951,27.418962,32.593620,30.719086,22.361259
SNX6,5.952596,2.242894,0.824061,5.118455,5.115253,1.175919
ACTR2,0.303028,0.627432,0.075163,0.606088,0.717705,0.378570
ERO1A,13.542959,10.191914,5.280256,7.069746,9.056942,8.884063
PECAM1,16.464104,13.607695,14.202702,11.265058,9.778950,12.802767
SLC6A6,3.625453,3.694147,3.337322,4.516361,3.809049,3.152228
APOL6,0.154184,1.062345,0.329052,0.496957,0.276862,0.727924
TNFRSF10C,1.668056,1.075721,0.598473,0.742565,0.887239,0.993155
PGK1,0.021730,0.019216,0.008496,0.000000,0.000000,0.010963
CHD4,13.456580,11.383201,4.757845,11.259351,11.556372,10.301874
ATP6V0B,11.417842,10.637116,6.672882,11.762002,12.074924,11.658451
NABP1,4.781785,4.536909,4.481271,4.488536,3.579110,3.843006
SON,0.027014,0.013463,0.018475,0.169031,0.009825,0.010902
CKLF,8.591367,6.608751,2.166001,4.558138,4.359047,4.776168
BLOC1S1,0.030496,0.043708,0.000000,0.047609,0.080653,0.000000
PHF3,10.700831,6.390647,4.485602,9.705276,6.551236,11.413600
SHISA5,19.030338,18.070080,9.283267,11.642812,12.666194,13.104028
CTSD,9.430916,7.257563,3.303409,5.917117,5.562466,5.432606
CMTM6,0.011419,0.000000,0.014364,0.011917,0.003861,0.029798
COX6B1,4.417875,5.864798,5.651286,4.955918,4.826353,6.236957
HBB,3.903449,5.603246,4.638762,6.709383,5.113259,6.378565
COX5B,82.371490,62.633873,50.216259,54.215405,56.392685,56.693531
MKRN1,3.012093,3.331689,2.099308,3.033394,2.737781,2.169725
SGK1,0.358074,0.360573,0.230548,0.303592,0.401253,0.259623
DOCK5,7.147457,6.883294,4.445436,6.569675,6.058304,6.072838
RNF24,0.866992,0.415395,0.040171,0.205572,0.377815,0.365822
TIMP2,1.089148,1.406351,0.667788,1.202386,1.275596,1.611732
SP100,0.058248,0.043723,0.245328,0.150777,0.089832,0.109400
CLTB,0.070453,0.284883,0.431300,0.348520,0.190785,0.147707
EHD1,156.175690,133.528015,115.495239,138.557205,123.729424,144.512192
MAX,2.415511,2.005301,2.773552,2.185431,3.182323,3.359694
KCNJ15,10.084373,10.931505,7.943393,10.696088,7.958858,9.874401
MAP7D1,7.417212,6.619763,2.964159,5.015857,4.824298,5.976333
GOLGA7,9.328821,9.367530,7.768264,8.210558,6.827285,8.834938
LINC01506,40.370522,29.474279,9.937377,18.076664,23.237394,24.893787
SASH3,25.597012,27.131403,21.803278,25.526217,30.867315,26.838631
CELF1,19.951725,22.518078,13.679439,14.119380,11.389535,12.955229
SIPA1,7.782639,7.946547,5.426276,7.319746,6.420391,8.600351
TREM1,9.813017,7.562771,8.966648,9.351616,9.884672,9.166104
ATF7IP,6.202702,4.051290,1.967022,4.065725,3.452893,4.139463
TAX1BP1,5.623187,12.216592,2.404070,5.880430,5.275395,7.880559
NCOA4,4.269351,2.715608,2.797281,2.845006,3.907506,2.550935
BUD31,0.000000,0.053680,0.000000,0.026407,0.000000,0.000000
TNIP1,0.057803,0.018400,0.009576,0.020858,0.0,0.028386
ALOX5AP,3.671812,7.090209,3.969284,7.639623,6.915531,5.662828
CFL1,9.155457,9.188474,9.473682,9.973863,10.559984,8.743045
CHD2,2.151617,1.234057,0.815181,0.997448,0.979869,0.847564
TAOK3,7.569710,5.847524,2.437987,5.885776,7.179883,4.637419
CLEC12A,2.663714,1.880862,1.535159,1.420370,1.105772,1.352436
ABTB1,19.994703,15.737497,6.218835,14.373586,16.644043,13.942251
AKAP13,4.574646,4.025426,3.376314,2.923187,4.700915,5.039661
CST3,5.025841,6.197258,5.597645,6.767250,6.419372,5.527954
NRBF2,1.211205,1.015909,0.535301,0.928829,1.039822,0.696721
PTAFR,0.060933,0.004293,0.123919,0.013050,0.047060,0.011484
PAFAH1B1,0.020811,0.011643,0.029813,0.019879,0.013119,0.010363
CAP1,555.860046,363.220367,249.195908,321.479065,370.653717,298.504608
KDM6B,0.323707,0.367952,0.224442,0.391495,0.193604,0.340704
SMG1,7.198071,10.815453,10.637264,11.281719,9.001639,11.782616
PLEK,4.907740,4.689183,3.932331,4.737701,3.599130,5.196073
TET2,0.611470,0.475367,0.756094,0.444497,0.259698,0.169563
ZFAND6,2.948241,1.780774,1.748882,2.557257,2.159296,2.582120
B2M,4.453293,8.873664,3.578961,5.562244,4.679965,4.559452
HN1,50.176228,46.191257,30.865841,42.179482,39.703865,46.453545
ATP6V0E1,10.658312,11.066247,18.235962,11.306240,10.218720,12.457676
TOP1,8.386405,7.663893,5.579731,7.701944,5.744790,8.317348
TLE3,0.202080,0.133111,0.014548,0.066014,0.043066,0.062096
ANXA11,8.309204,7.705436,4.432596,7.530707,5.714561,9.422800
H2AFY,0.171565,0.054670,0.108409,0.084647,0.123289,0.074704
GPR65,0.086638,0.180870,0.284557,0.242425,0.209578,0.200226
C17orf62,4.326071,2.914886,3.677753,4.432791,3.124337,3.665033
LAMP1,11.594723,9.649036,5.583271,10.410064,8.911764,10.700032
NDUFB3,1.178475,1.181851,0.650050,0.586035,0.909320,1.093470
LAPTM5,7.159284,8.567521,6.780414,8.550293,7.751369,5.794794
TAGLN2,3.664649,2.957172,0.124677,2.306158,2.699573,4.225623
