Cluster,Group,Description,GeneRatio,BgRatio,P values,Padj,LOGP,GeneID,Count
Cluster1,Asymptomatic,neutrophil activation,0.146056475,498/18670,8.50E-71,4.64E-67,66 ,ABCA13/ADAM8/ADGRE3/ADGRE5/ADGRG3/ALOX5/ANO6/ANPEP/ANXA3/ARHGAP9/ARL8A/ATP8B4/AZU1/BPI/BRI3/BST1/C5AR1/CAMP/CANT1/CD14/CD177/CD300A/CD55/CD63/CD68/CDA/CEACAM1/CEACAM3/CEACAM6/CEACAM8/CHI3L1/CKAP4/CLEC4D/CPPED1/CR1/CRISP3/CRISPLD2/CTSA/CTSD/CTSZ/CXCL1/CXCL8/CXCR1/CXCR2/CYSTM1/DEFA1/DEFA1B/DEFA4/DOK3/ELANE/F2RL1/FCAR/FCER1G/FCGR2A/FCGR3B/FGR/FOLR3/FPR1/FPR2/FTH1/GALNS/GCA/GMFG/GPR84/GSN/HP/HPSE/HSPA1A/HSPA1B/HSPA6/IGF2R/IL18RAP/IMPDH1/IQGAP1/ITGAM/ITGAX/LAMP2/LAMTOR1/LCN2/LILRA2/LILRB2/LILRB3/LRG1/LRMP/LTF/MAPK14/MCEMP1/MGAM/MGST1/MME/MMP25/MMP8/MMP9/MNDA/MPO/MS4A3/NBEAL2/NFAM1/OLFM4/OSCAR/OSTF1/P2RX1/PADI2/PECAM1/PGLYRP1/PGRMC1/PKM/PLAUR/PLEKHO2/PRAM1/PREX1/PRKCD/PTAFR/PTPRN2/PYGL/QPCT/QSOX1/RAB3D/RAB44/RHOG/RNASE2/RNASE3/RNASET2/S100A11/S100A12/S100A8/S100A9/S100P/SDCBP/SELL/SERPINA1/SIGLEC14/SIGLEC5/SIGLEC9/SIRPA/SIRPB1/SLC11A1/SLC15A4/SLC2A3/SLC2A5/SLPI/TCIRG1/TCN1/TIMP2/TLR2/TNFAIP6/TYROBP/VCL/VNN1/YPEL5,150
Cluster1,Asymptomatic,neutrophil activation involved in immune response,0.142161636,488/18670,2.02E-68,5.51E-65,64 ,ABCA13/ADAM8/ADGRE3/ADGRE5/ADGRG3/ALOX5/ANO6/ANPEP/ANXA3/ARHGAP9/ARL8A/ATP8B4/AZU1/BPI/BRI3/BST1/C5AR1/CAMP/CANT1/CD14/CD177/CD300A/CD55/CD63/CD68/CDA/CEACAM1/CEACAM3/CEACAM6/CEACAM8/CHI3L1/CKAP4/CLEC4D/CPPED1/CR1/CRISP3/CRISPLD2/CTSA/CTSD/CTSZ/CXCL1/CXCR1/CXCR2/CYSTM1/DEFA1/DEFA1B/DEFA4/DOK3/ELANE/FCAR/FCER1G/FCGR2A/FCGR3B/FGR/FOLR3/FPR1/FPR2/FTH1/GALNS/GCA/GMFG/GPR84/GSN/HP/HPSE/HSPA1A/HSPA1B/HSPA6/IGF2R/IMPDH1/IQGAP1/ITGAM/ITGAX/LAMP2/LAMTOR1/LCN2/LILRA2/LILRB2/LILRB3/LRG1/LRMP/LTF/MAPK14/MCEMP1/MGAM/MGST1/MME/MMP25/MMP8/MMP9/MNDA/MPO/MS4A3/NBEAL2/NFAM1/OLFM4/OSCAR/OSTF1/P2RX1/PADI2/PECAM1/PGLYRP1/PGRMC1/PKM/PLAUR/PLEKHO2/PRAM1/PRKCD/PTAFR/PTPRN2/PYGL/QPCT/QSOX1/RAB3D/RAB44/RHOG/RNASE2/RNASE3/RNASET2/S100A11/S100A12/S100A8/S100A9/S100P/SDCBP/SELL/SERPINA1/SIGLEC14/SIGLEC5/SIGLEC9/SIRPA/SIRPB1/SLC11A1/SLC15A4/SLC2A3/SLC2A5/SLPI/TCIRG1/TCN1/TIMP2/TLR2/TNFAIP6/TYROBP/VCL/VNN1/YPEL5,146
Cluster1,Asymptomatic,neutrophil degranulation,0.141187926,485/18670,6.78E-68,1.23E-64,64 ,ABCA13/ADAM8/ADGRE3/ADGRE5/ADGRG3/ALOX5/ANO6/ANPEP/ANXA3/ARHGAP9/ARL8A/ATP8B4/AZU1/BPI/BRI3/BST1/C5AR1/CAMP/CANT1/CD14/CD177/CD300A/CD55/CD63/CD68/CDA/CEACAM1/CEACAM3/CEACAM6/CEACAM8/CHI3L1/CKAP4/CLEC4D/CPPED1/CR1/CRISP3/CRISPLD2/CTSA/CTSD/CTSZ/CXCL1/CXCR1/CXCR2/CYSTM1/DEFA1/DEFA1B/DEFA4/DOK3/ELANE/FCAR/FCER1G/FCGR2A/FCGR3B/FGR/FOLR3/FPR1/FPR2/FTH1/GALNS/GCA/GMFG/GPR84/GSN/HP/HPSE/HSPA1A/HSPA1B/HSPA6/IGF2R/IMPDH1/IQGAP1/ITGAM/ITGAX/LAMP2/LAMTOR1/LCN2/LILRB2/LILRB3/LRG1/LRMP/LTF/MAPK14/MCEMP1/MGAM/MGST1/MME/MMP25/MMP8/MMP9/MNDA/MPO/MS4A3/NBEAL2/NFAM1/OLFM4/OSCAR/OSTF1/P2RX1/PADI2/PECAM1/PGLYRP1/PGRMC1/PKM/PLAUR/PLEKHO2/PRAM1/PRKCD/PTAFR/PTPRN2/PYGL/QPCT/QSOX1/RAB3D/RAB44/RHOG/RNASE2/RNASE3/RNASET2/S100A11/S100A12/S100A8/S100A9/S100P/SDCBP/SELL/SERPINA1/SIGLEC14/SIGLEC5/SIGLEC9/SIRPA/SIRPB1/SLC11A1/SLC15A4/SLC2A3/SLC2A5/SLPI/TCIRG1/TCN1/TIMP2/TLR2/TNFAIP6/TYROBP/VCL/VNN1/YPEL5,145
Cluster1,Mild,neutrophil mediated immunity,0.142161636,499/18670,5.54E-67,7.55E-64,63 ,ABCA13/ADAM8/ADGRE3/ADGRE5/ADGRG3/ALOX5/ANO6/ANPEP/ANXA3/ARHGAP9/ARL8A/ATP8B4/AZU1/BPI/BRI3/BST1/C5AR1/CAMP/CANT1/CD14/CD177/CD300A/CD55/CD63/CD68/CDA/CEACAM1/CEACAM3/CEACAM6/CEACAM8/CHI3L1/CKAP4/CLEC4D/CPPED1/CR1/CRISP3/CRISPLD2/CTSA/CTSD/CTSZ/CXCL1/CXCR1/CXCR2/CYSTM1/DEFA1/DEFA1B/DEFA4/DOK3/ELANE/F2RL1/FCAR/FCER1G/FCGR2A/FCGR3B/FGR/FOLR3/FPR1/FPR2/FTH1/GALNS/GCA/GMFG/GPR84/GSN/HP/HPSE/HSPA1A/HSPA1B/HSPA6/IGF2R/IMPDH1/IQGAP1/ITGAM/ITGAX/LAMP2/LAMTOR1/LCN2/LILRB2/LILRB3/LRG1/LRMP/LTF/MAPK14/MCEMP1/MGAM/MGST1/MME/MMP25/MMP8/MMP9/MNDA/MPO/MS4A3/NBEAL2/NFAM1/OLFM4/OSCAR/OSTF1/P2RX1/PADI2/PECAM1/PGLYRP1/PGRMC1/PKM/PLAUR/PLEKHO2/PRAM1/PRKCD/PTAFR/PTPRN2/PYGL/QPCT/QSOX1/RAB3D/RAB44/RHOG/RNASE2/RNASE3/RNASET2/S100A11/S100A12/S100A8/S100A9/S100P/SDCBP/SELL/SERPINA1/SIGLEC14/SIGLEC5/SIGLEC9/SIRPA/SIRPB1/SLC11A1/SLC15A4/SLC2A3/SLC2A5/SLPI/TCIRG1/TCN1/TIMP2/TLR2/TNFAIP6/TYROBP/VCL/VNN1/YPEL5,146
Cluster1,Mild,response to molecule of bacterial origin,0.073028238,343/18670,1.89E-25,2.06E-22,22 ,ABCA1/ADAM9/ADM/ALPL/BMP6/BPI/C5AR1/CCL3/CD14/CD55/CD68/CDK19/CEBPB/CSF2RB/CXCL1/CXCL8/DEFA1/DEFA1B/DEFA3/DEFA4/ELANE/FOS/HCK/ICAM1/IL1B/IL1RN/JUN/JUNB/JUND/LCN2/LILRA2/LILRB2/LITAF/LTF/LY96/LYN/MAPK14/MAPK3/MAPKAPK2/MGST1/MPO/NFKB2/NFKBIA/NOCT/NOD2/NOTCH1/NR1H2/PAF1/PDE4B/PELI1/PLCG2/PTAFR/PTGIR/PTGS2/RARA/RIPK2/S100A8/SBNO2/SELP/SIRPA/SLC11A1/SLPI/SPARC/TBXA2R/THBD/TLR1/TLR2/TLR4/TLR6/TLR9/TNF/TNFAIP3/TRIB1/ZC3H12A/ZFP36,75
Cluster1,Mild,response to lipopolysaccharide,0.070107108,330/18670,2.07E-24,1.88E-21,21 ,ABCA1/ADAM9/ADM/ALPL/BMP6/BPI/C5AR1/CCL3/CD14/CD55/CD68/CDK19/CEBPB/CSF2RB/CXCL1/CXCL8/DEFA1/DEFA1B/DEFA3/DEFA4/ELANE/FOS/HCK/ICAM1/IL1B/IL1RN/JUN/JUNB/JUND/LCN2/LILRA2/LILRB2/LITAF/LTF/LY96/LYN/MAPK14/MAPK3/MAPKAPK2/MGST1/MPO/NFKB2/NFKBIA/NOCT/NOD2/NOTCH1/NR1H2/PAF1/PDE4B/PELI1/PLCG2/PTAFR/PTGIR/PTGS2/RARA/RIPK2/S100A8/SBNO2/SELP/SIRPA/SLC11A1/SLPI/SPARC/TBXA2R/THBD/TLR2/TLR4/TNF/TNFAIP3/TRIB1/ZC3H12A/ZFP36,72
Cluster1,Severe,positive regulation of cytokine production,0.080817916,464/18670,6.23E-22,4.85E-19,18 ,ADAM8/APP/ATF4/AZU1/BCL3/C5AR1/CCDC88B/CCL3/CD14/CD46/CD83/CEBPB/CLEC4E/CLEC7A/CLU/DDIT3/EGR1/ELANE/EREG/F2RL1/FAM49B/FCER1G/FFAR2/FGR/FLOT1/HGF/HIF1A/HMOX1/HPSE/HSPA1A/HSPA1B/IL17RA/IL18R1/IL1B/IL1R1/IL1RAP/IL1RL1/IL1RN/IL4R/IL6R/IRF1/LGALS9C/LILRA2/LILRA5/LILRB2/LRRK2/LY96/MAPK14/MAPK3/MAPKAPK2/MDK/MMP8/MNDA/NFAM1/NFKB2/NLRP12/NOD2/NR4A3/OSM/PANX2/PDE4B/PELI1/PLCG2/PRKD2/PTAFR/PTGS2/RARA/RIPK2/RSAD2/SEMA7A/SLC11A1/SPHK1/STAT3/SULF2/THBS1/TLR1/TLR2/TLR4/TLR6/TLR8/TLR9/TNF/TYROBP,83
Cluster1,Severe,leukocyte migration,0.081791626,499/18670,2.01E-20,1.37E-17,17 ,ADAM8/ADGRE2/ANO6/APP/AZU1/BST1/C5AR1/C5AR2/CAMK1D/CCL3/CCL3L1/CCL3L3/CCL4L1/CCR1/CD177/CD300A/CD9/CEACAM1/CEACAM3/CEACAM6/CEACAM8/CKLF/CSF1/CSF3R/CXCL1/CXCL16/CXCL8/CXCR1/CXCR2/DAPK2/DEFA1/DEFA1B/DUSP1/DYSF/ELANE/ESAM/F11R/F2RL1/FCER1G/FFAR2/FPR2/FUT7/GP6/HCK/HMOX1/ICAM1/IL17RA/IL1B/IL1R1/IL1RN/IL6R/ITGA2B/ITGA5/ITGAM/ITGAX/ITGB3/JAML/LYN/MAPK14/MAPK3/MDK/NLRP12/PADI2/PDE4B/PECAM1/PIK3CD/PREX1/PROS1/PTAFR/S100A12/S100A8/S100A9/SDC4/SELL/SELP/SIRPA/SLC16A3/SMPD3/THBD/THBS1/TNF/TNFSF14/TREM1/VEGFA,84
Cluster1,Severe,cell chemotaxis,0.0593963,304/18670,6.37E-19,3.86E-16,15 ,ADAM8/ADGRE2/ANO6/ARRB2/AZU1/BST1/C5AR1/C5AR2/CAMK1D/CCL3/CCL3L1/CCL3L3/CCL4L1/CCR1/CCR3/CKLF/CSF1/CSF3R/CXCL1/CXCL16/CXCL8/CXCR1/CXCR2/DAPK2/DEFA1/DEFA1B/DOCK4/DUSP1/DYSF/EGR3/EPHB1/F2RL1/FCER1G/FFAR2/FPR2/HBEGF/HGF/IL17RA/IL1B/IL1RN/IL6R/JAML/LYN/MAPK14/MAPK3/MDK/NOTCH1/NR4A1/PADI2/PDE4B/PIK3CD/PREX1/PRKCD/PRKD2/RHOG/S100A12/S100A8/S100A9/THBS1/TNFSF14/VEGFA,61
Cluster1,Severe,cellular response to biotic stimulus,0.051606621,236/18670,7.33E-19,4.00E-16,15 ,ABCA1/ADAM9/BMP6/BPI/CCL3/CD14/CD55/CD68/CDK19/CEBPB/CLEC7A/CXCL1/CXCL8/DDIT3/DEFA1/DEFA1B/DEFA3/DEFA4/HCK/HSPA5/ICAM1/IL1B/IL1RN/LCN2/LILRA2/LILRB2/LITAF/LTF/LY96/LYN/MAPK14/MAPK3/NFKBIA/NOD2/NR1H2/PAF1/PDE4B/PPP1R15B/PTAFR/RARA/RIPK2/SBNO2/SIRPA/TBXA2R/TLR1/TLR2/TLR4/TLR6/TNF/TNFAIP3/TRIB1/ZC3H12A/ZFP36,53
Cluster1,Severe,myeloid cell differentiation,0.070107108,416/18670,2.48E-18,1.23E-15,15 ,ACTN1/AGO4/APP/BATF2/BCL6/CBFA2T3/CCL3/CCR1/CEACAM1/CEBPB/CLEC1B/CSF1/CSF3R/EVI2B/F2RL1/FCER1G/FES/FOS/G6PD/GAB2/GATA2/GP1BA/HCLS1/HIF1A/HIPK2/HSPA1A/HSPA1B/ITGA2B/JMJD6/JUN/JUNB/KLF2/KMT2D/LILRB3/LTBR/LTF/LYN/MAFB/MAPK14/MEIS1/MMP9/MPL/NBEAL2/NFKBIA/NR4A3/OSCAR/PAF1/PDE1B/PIK3CD/RARA/RASGRP4/RASSF2/RELB/SBNO2/SNX10/SPI1/STAT3/TCIRG1/TET2/TFE3/THBS1/THOC5/THRA/TLR2/TLR4/TNF/TRIB1/TSPAN2/TYROBP/VEGFA/ZFP36/ZFP36L1,72
Cluster1,Severe,cellular response to molecule of bacterial origin,0.047711782,212/18670,4.39E-18,2.00E-15,15 ,ABCA1/ADAM9/BMP6/BPI/CCL3/CD14/CD55/CD68/CDK19/CEBPB/CXCL1/CXCL8/DEFA1/DEFA1B/DEFA3/DEFA4/HCK/ICAM1/IL1B/IL1RN/LCN2/LILRA2/LILRB2/LITAF/LTF/LY96/LYN/MAPK14/MAPK3/NFKBIA/NOD2/NR1H2/PAF1/PDE4B/PTAFR/RARA/RIPK2/SBNO2/SIRPA/TBXA2R/TLR1/TLR2/TLR4/TLR6/TNF/TNFAIP3/TRIB1/ZC3H12A/ZFP36,49
Cluster1,Critical,myeloid leukocyte migration,0.046738072,210/18670,1.57E-17,6.57E-15,14 ,ADAM8/ADGRE2/ANO6/AZU1/BST1/C5AR1/C5AR2/CAMK1D/CCL3/CCL3L1/CCL3L3/CCL4L1/CCR1/CD177/CD300A/CD9/CKLF/CSF1/CSF3R/CXCL1/CXCL8/CXCR1/CXCR2/DAPK2/DUSP1/DYSF/FCER1G/FPR2/IL17RA/IL1B/IL1R1/IL1RN/IL6R/JAML/LYN/MAPK14/MAPK3/MDK/PDE4B/PECAM1/PIK3CD/PREX1/S100A12/S100A8/S100A9/SIRPA/THBS1/VEGFA,48
Cluster2,Asymptomatic,T cell activation,0.120629371,464/18670,3.27E-28,1.35E-24,24 ,ADA/BCL11B/BCL2/BTLA/CAMK4/CARD11/CBFB/CCR6/CCR7/CD160/CD2/CD27/CD28/CD3D/CD3E/CD3G/CD40LG/CD5/CD6/CD7/CD81/CD8A/CD8B/CLECL1/CTLA4/DLG5/DPP4/EOMES/ERBB2/FGL2/GATA3/GPR18/GPR183/ICOS/IL23A/IL2RA/IL7R/ITK/ITPKB/KLRK1/LAG3/LAX1/LCK/LEF1/NFATC2/NLRC3/PDCD1/PRKCQ/RAB29/RASGRP1/RORA/RORC/RUNX3/SIRPG/SIT1/SLAMF6/SMAD7/SOX13/TBX21/TCF7/TESPA1/TGFBR2/THEMIS/TIGIT/TMIGD2/TNFRSF4/YES1/ZAP70/ZNF683,69
Cluster2,Asymptomatic,T cell differentiation,0.078671329,240/18670,7.32E-23,1.51E-19,19 ,ADA/BCL11B/BCL2/CAMK4/CARD11/CBFB/CCR6/CCR7/CD2/CD27/CD28/CD3D/CD3E/CD3G/CD8A/CTLA4/EOMES/ERBB2/FGL2/GATA3/GPR18/GPR183/IL23A/IL2RA/IL7R/ITK/ITPKB/LAG3/LCK/LEF1/NFATC2/RASGRP1/RORA/RORC/RUNX3/SLAMF6/SMAD7/SOX13/TBX21/TCF7/TESPA1/TGFBR2/THEMIS/ZAP70/ZNF683,45
Cluster2,Asymptomatic,lymphocyte differentiation,0.092657343,353/18670,5.02E-22,6.90E-19,18 ,ADA/BCL11B/BCL2/BLNK/CAMK4/CARD11/CBFB/CCR6/CCR7/CD2/CD27/CD28/CD3D/CD3E/CD3G/CD40LG/CD8A/CTLA4/EOMES/ERBB2/FCRL3/FGL2/FLT3LG/GATA3/GPR18/GPR183/IKZF3/IL23A/IL2RA/IL7R/ITK/ITM2A/ITPKB/LAG3/LCK/LEF1/NFATC2/RASGRP1/RORA/RORC/RUNX3/SLAMF6/SMAD7/SOX13/TBX21/TCF7/TESPA1/TGFBR2/THEMIS/TOX/TPD52/ZAP70/ZNF683,53
Cluster2,Mild,regulation of T cell activation,0.083916084,314/18670,2.25E-20,2.32E-17,17 ,ADA/BTLA/CAMK4/CARD11/CBFB/CCR7/CD160/CD2/CD27/CD28/CD3E/CD40LG/CD5/CD6/CD81/CLECL1/CTLA4/DLG5/DPP4/ERBB2/FGL2/GATA3/ICOS/IL23A/IL2RA/IL7R/ITPKB/KLRK1/LAG3/LAX1/LCK/NFATC2/PDCD1/PRKCQ/RASGRP1/RUNX3/SIRPG/SIT1/SMAD7/SOX13/TBX21/TESPA1/TGFBR2/TIGIT/TMIGD2/YES1/ZAP70/ZNF683,48
Cluster2,Mild,regulation of lymphocyte activation,0.101398601,485/18670,4.45E-19,3.67E-16,15 ,ADA/BCL2/BTLA/CAMK4/CARD11/CBFB/CCR7/CD160/CD2/CD27/CD28/CD3E/CD40LG/CD5/CD6/CD81/CLECL1/CTLA4/DLG5/DPP4/ERBB2/EXOSC3/FCRL3/FGL2/FLT3LG/GATA3/GPR183/HLA-F/ICOS/IKZF3/IL23A/IL2RA/IL7R/ITPKB/KLRK1/LAG3/LAX1/LCK/MZB1/NFATC2/PDCD1/PRKCQ/RASGRP1/RUNX3/SIRPG/SIT1/SMAD7/SOX13/TBX21/TESPA1/TGFBR2/TIGIT/TMIGD2/TNFRSF4/TOX/YES1/ZAP70/ZNF683,58
Cluster2,Mild,regulation of leukocyte cell-cell adhesion,0.076923077,304/18670,7.79E-18,5.35E-15,14 ,ADA/BTLA/CARD11/CBFB/CCR7/CD160/CD27/CD28/CD3E/CD40LG/CD5/CD6/CD81/CLECL1/CTLA4/DLG5/DPP4/ERBB2/ETS1/FGL2/GATA3/ICOS/IL23A/IL2RA/IL7R/ITPKB/KLRK1/LAG3/LAX1/LCK/PDCD1/PRKCQ/RASGRP1/RUNX3/SIRPG/SKAP1/SMAD7/TBX21/TESPA1/TGFBR2/TIGIT/TMIGD2/YES1/ZAP70,44
Cluster2,Mild,leukocyte cell-cell adhesion,0.08041958,337/18670,1.42E-17,8.40E-15,14 ,ADA/BTLA/CARD11/CBFB/CCR7/CD160/CD27/CD28/CD3E/CD40LG/CD5/CD6/CD81/CLECL1/CTLA4/CX3CR1/DLG5/DPP4/ERBB2/ETS1/FGL2/GATA3/ICOS/IL23A/IL2RA/IL7R/ITPKB/KLRK1/LAG3/LAX1/LCK/NT5E/PDCD1/PRKCQ/RASGRP1/RUNX3/SIRPG/SKAP1/SMAD7/TBX21/TESPA1/TGFBR2/TIGIT/TMIGD2/YES1/ZAP70,46
Cluster2,Severe,positive regulation of leukocyte cell-cell adhesion,0.062937063,218/18670,1.16E-16,6.00E-14,13 ,ADA/BTLA/CARD11/CBFB/CCR7/CD160/CD27/CD28/CD3E/CD40LG/CD5/CD6/CD81/CLECL1/CTLA4/DPP4/ETS1/GATA3/ICOS/IL23A/IL2RA/IL7R/ITPKB/KLRK1/LCK/PDCD1/PRKCQ/RASGRP1/RUNX3/SIRPG/SKAP1/TESPA1/TGFBR2/TMIGD2/YES1/ZAP70,36
Cluster2,Severe,positive regulation of lymphocyte activation,0.076923077,334/18670,2.84E-16,1.30E-13,13 ,ADA/BCL2/BTLA/CARD11/CBFB/CCR7/CD160/CD27/CD28/CD3E/CD40LG/CD5/CD6/CD81/CLECL1/CTLA4/DPP4/EXOSC3/FCRL3/FLT3LG/GATA3/GPR183/HLA-F/ICOS/IL23A/IL2RA/IL7R/ITPKB/KLRK1/LCK/NFATC2/PDCD1/PRKCQ/RASGRP1/RUNX3/SIRPG/TBX21/TESPA1/TGFBR2/TMIGD2/TNFRSF4/TOX/YES1/ZAP70,44
Cluster2,Severe,positive regulation of T cell activation,0.059440559,202/18670,4.61E-16,1.90E-13,13 ,ADA/BTLA/CARD11/CBFB/CCR7/CD160/CD27/CD28/CD3E/CD40LG/CD5/CD6/CD81/CLECL1/CTLA4/DPP4/GATA3/ICOS/IL23A/IL2RA/IL7R/ITPKB/KLRK1/LCK/PDCD1/PRKCQ/RASGRP1/RUNX3/SIRPG/TESPA1/TGFBR2/TMIGD2/YES1/ZAP70,34
Cluster2,Critical,positive regulation of cell-cell adhesion,0.066433566,255/18670,5.48E-16,2.06E-13,13 ,ADA/ANK3/BTLA/CARD11/CBFB/CCR7/CD160/CD27/CD28/CD3E/CD40LG/CD5/CD6/CD81/CLECL1/CTLA4/DPP4/ETS1/GATA3/ICOS/IL23A/IL2RA/IL7R/ITPKB/KLRK1/LCK/PDCD1/PRKCQ/RASGRP1/RUNX3/SIRPG/SKAP1/SMAD7/TESPA1/TGFBR2/TMIGD2/YES1/ZAP70,38
Cluster2,Critical,regulation of lymphocyte differentiation,0.052447552,169/18670,5.75E-15,1.93E-12,12 ,ADA/CAMK4/CARD11/CBFB/CD2/CD27/CD28/CTLA4/ERBB2/FCRL3/FGL2/FLT3LG/GATA3/IKZF3/IL23A/IL2RA/IL7R/ITPKB/LAG3/NFATC2/RASGRP1/RUNX3/SMAD7/SOX13/TBX21/TESPA1/TGFBR2/TOX/ZAP70/ZNF683,30
Cluster3,Asymptomatic,regulation of cell cycle phase transition,0.06507791,480/18670,3.94E-13,1.51E-09,9 ,ANKRD17/ANLN/ATAD5/ATF5/AURKA/BABAM1/BRCA1/BRD4/BUB1/BUB1B/CARM1/CCNB1/CDC20/CDC27/CDC7/CDKN2C/CENPE/CENPF/CENPJ/CEP192/CEP70/CHEK2/CKAP5/CLSPN/CUL4A/DDB1/DLGAP5/DTL/DYNLL1/DYRK3/E2F1/E2F4/FAM83D/FBXO7/FOXO4/FZR1/GADD45A/GFI1B/GTSE1/HAUS6/HMMR/KANK2/KIF14/KNTC1/MIIP/MTBP/NDC80/PBX1/PCNT/PLK4/PRKAR2B/PSMD1/PSMD2/PSMD9/PSME4/PSMF1/RAD51C/RBL1/RBX1/RGCC/SPDL1/SSNA1/TFDP1/TFDP2/TMEM14B/TPRA1/TPX2/TTK/TUBB4B/TUBG1/UIMC1,71
Cluster3,Asymptomatic,cell cycle G2/M phase transition,0.044912924,266/18670,5.97E-13,1.51E-09,9 ,ATAD5/ATF5/AURKA/BABAM1/BORA/BRCA1/BRD4/CCNA2/CCNB1/CCNB2/CDC7/CENPF/CENPJ/CEP192/CEP70/CHEK2/CKAP5/CLSPN/DTL/DYNLL1/DYRK3/FOXO4/FZR1/GTSE1/HAUS6/HMMR/KIF14/MELK/MIIP/OPTN/PBX1/PCNT/PLK4/PPME1/PPP1CB/PRKAR2B/PSMD1/PSMD2/PSMD9/PSME4/PSMF1/RAD51C/RBX1/SSNA1/TAF2/TPX2/TUBB4B/TUBG1/UIMC1,49
Cluster3,Asymptomatic,porphyrin-containing compound biosynthetic process,0.013748854,26/18670,1.21E-12,2.04E-09,9 ,ABCB6/ALAD/ALAS2/CPOX/FECH/HMBS/IBA57/PPOX/SLC11A2/SLC25A38/SLC25A39/SPTA1/SRRD/UROD/UROS,15
Cluster3,Mild,regulation of mitotic cell cycle phase transition,0.060494959,444/18670,2.16E-12,2.73E-09,9 ,ANKRD17/ANLN/ATAD5/AURKA/BRCA1/BRD4/BUB1/BUB1B/CARM1/CCNB1/CDC20/CDC27/CDC7/CDKN2C/CENPE/CENPF/CENPJ/CEP192/CEP70/CHEK2/CKAP5/CLSPN/CUL4A/DDB1/DLGAP5/DTL/DYNLL1/E2F1/E2F4/FBXO7/FOXO4/FZR1/GADD45A/GFI1B/GTSE1/HAUS6/HMMR/KANK2/KIF14/KNTC1/MIIP/MTBP/NDC80/PBX1/PCNT/PLK4/PRKAR2B/PSMD1/PSMD2/PSMD9/PSME4/PSMF1/RAD51C/RBL1/RBX1/RGCC/SPDL1/SSNA1/TFDP1/TFDP2/TMEM14B/TPRA1/TPX2/TTK/TUBB4B/TUBG1,66
Cluster3,Mild,proteasomal protein catabolic process,0.062328139,477/18670,7.10E-12,7.17E-09,8 ,ALAD/AMFR/AURKA/BAG6/BBS7/BIRC2/BUB1B/CCNB1/CCNF/CD2AP/CDC20/CDC27/CDC34/CLEC16A/CUL4A/DCAF11/DDB1/DDI2/DNAJB2/FAM122A/FBXL4/FBXO9/FBXW4/FZR1/GABARAPL2/GCLC/GID4/GNA12/GPX1/GSK3A/HECTD3/HERC2/IFI27/KIF14/LRRC29/NEDD4L/NPLOC4/PCBP2/PINK1/PSMD1/PSMD2/PSMD9/PSME4/PSMF1/PTTG1/RAD23A/RBX1/RHBDD1/RMND5A/RNF14/RNF187/RNF217/RNF5/SHARPIN/SIAH2/SPSB3/TBL1XR1/UBE2H/UBQLN1/UBXN11/UBXN2A/UBXN6/UBXN8/UGGT2/USP14/YOD1/ZFAND2B/ZNRF1,68
Cluster3,Mild,porphyrin-containing compound metabolic process,0.015582035,38/18670,8.55E-12,7.20E-09,8 ,ABCB6/ALAD/ALAS2/BLVRB/CPOX/EIF2AK1/FECH/HMBS/IBA57/PPOX/SLC11A2/SLC25A38/SLC25A39/SPTA1/SRRD/UROD/UROS,17
Cluster3,Mild,tetrapyrrole biosynthetic process,0.013748854,29/18670,1.03E-11,7.43E-09,8 ,ABCB6/ALAD/ALAS2/CPOX/FECH/HMBS/IBA57/PPOX/SLC11A2/SLC25A38/SLC25A39/SPTA1/SRRD/UROD/UROS,15
Cluster3,Severe,heme biosynthetic process,0.011915674,22/18670,2.62E-11,1.66E-08,8 ,ALAD/ALAS2/CPOX/FECH/HMBS/IBA57/PPOX/SLC11A2/SLC25A38/SLC25A39/SRRD/UROD/UROS,13
Cluster3,Severe,autophagy,0.062328139,496/18670,4.22E-11,2.00E-08,8 ,ANXA7/ATG14/ATG4A/ATG4D/ATG9A/ATP6V0A1/ATP6V0C/BECN1/BNIP3L/CAPN1/CISD2/CLEC16A/DAP/DRAM2/DYNLL1/DYNLL2/EPM2A/FBXO7/FIS1/FLCN/FNBP1L/FOXO3/FZD5/GABARAP/GABARAPL2/GSK3A/HDAC6/HSPB1/IFT20/LARP1/LEPR/MCOLN1/MFN2/MTMR3/NPRL3/OPTN/PINK1/PIP4K2A/POLDIP2/RAB39A/RNF152/RNF5/RRAGA/RRAGB/SCFD1/SESN3/SNCA/SNF8/SQSTM1/STAM/STK11/TAB3/TBC1D17/TBC1D25/TMEM150B/TOLLIP/TOMM6/TSG101/UBQLN1/UBXN2A/UBXN6/USP33/VPS28/VPS37A/WDR45/WIPI2/YOD1/ZFYVE1,68
Cluster3,Severe,process utilizing autophagic mechanism,0.062328139,496/18670,4.22E-11,2.00E-08,8 ,ANXA7/ATG14/ATG4A/ATG4D/ATG9A/ATP6V0A1/ATP6V0C/BECN1/BNIP3L/CAPN1/CISD2/CLEC16A/DAP/DRAM2/DYNLL1/DYNLL2/EPM2A/FBXO7/FIS1/FLCN/FNBP1L/FOXO3/FZD5/GABARAP/GABARAPL2/GSK3A/HDAC6/HSPB1/IFT20/LARP1/LEPR/MCOLN1/MFN2/MTMR3/NPRL3/OPTN/PINK1/PIP4K2A/POLDIP2/RAB39A/RNF152/RNF5/RRAGA/RRAGB/SCFD1/SESN3/SNCA/SNF8/SQSTM1/STAM/STK11/TAB3/TBC1D17/TBC1D25/TMEM150B/TOLLIP/TOMM6/TSG101/UBQLN1/UBXN2A/UBXN6/USP33/VPS28/VPS37A/WDR45/WIPI2/YOD1/ZFYVE1,68
Cluster3,Severe,regulation of cell cycle G2/M phase transition,0.036663611,213/18670,4.35E-11,2.00E-08,8 ,ATAD5/ATF5/AURKA/BABAM1/BRCA1/BRD4/CCNB1/CDC7/CENPF/CENPJ/CEP192/CEP70/CKAP5/CLSPN/DTL/DYNLL1/DYRK3/FOXO4/FZR1/GTSE1/HAUS6/HMMR/KIF14/MIIP/PBX1/PCNT/PLK4/PRKAR2B/PSMD1/PSMD2/PSMD9/PSME4/PSMF1/RAD51C/RBX1/SSNA1/TPX2/TUBB4B/TUBG1/UIMC1,40
Cluster3,Severe,proteasome-mediated ubiquitin-dependent protein catabolic process,0.054995417,419/18670,1.05E-10,4.41E-08,7 ,AMFR/AURKA/BAG6/BBS7/BIRC2/BUB1B/CCNB1/CCNF/CD2AP/CDC20/CDC27/CDC34/CLEC16A/CUL4A/DCAF11/DDB1/DNAJB2/FAM122A/FBXL4/FBXO9/FBXW4/FZR1/GCLC/GID4/GNA12/GSK3A/HECTD3/HERC2/IFI27/KIF14/LRRC29/NEDD4L/NPLOC4/PCBP2/PSMD1/PSMD2/PSMD9/PSME4/PSMF1/PTTG1/RAD23A/RBX1/RMND5A/RNF14/RNF187/RNF217/RNF5/SHARPIN/SIAH2/SPSB3/TBL1XR1/UBE2H/UBQLN1/UBXN11/UBXN2A/UBXN8/USP14/YOD1/ZFAND2B/ZNRF1,60
Cluster3,Severe,G2/M transition of mitotic cell cycle,0.038496792,247/18670,3.70E-10,1.37E-07,7 ,AURKA/BORA/BRCA1/BRD4/CCNA2/CCNB1/CCNB2/CDC7/CENPF/CENPJ/CEP192/CEP70/CHEK2/CKAP5/CLSPN/DTL/DYNLL1/FOXO4/HAUS6/HMMR/KIF14/MELK/MIIP/OPTN/PBX1/PCNT/PLK4/PPME1/PPP1CB/PRKAR2B/PSMD1/PSMD2/PSMD9/PSME4/PSMF1/RAD51C/RBX1/SSNA1/TAF2/TPX2/TUBB4B/TUBG1,42
